# Log Net Income (lower edge), Log Net Income (upper edge), Log Liq Wealth (lower edge), Log Liq Wealth (upper edge), Probability
8.364042011922063, 8.520242229232842, 0.0, 0.8204336763261063, 0.0
8.364042011922063, 8.520242229232842, 0.8204336763261063, 1.6408673526522126, 0.0
8.364042011922063, 8.520242229232842, 1.6408673526522126, 2.461301028978319, 0.0
8.364042011922063, 8.520242229232842, 2.461301028978319, 3.2817347053044252, 0.054635360493759326
8.364042011922063, 8.520242229232842, 3.2817347053044252, 4.102168381630531, 0.0
8.364042011922063, 8.520242229232842, 4.102168381630531, 4.922602057956638, 0.0
8.364042011922063, 8.520242229232842, 4.922602057956638, 5.743035734282744, 0.052947673592888746
8.364042011922063, 8.520242229232842, 5.743035734282744, 6.5634694106088505, 0.03734217818696076
8.364042011922063, 8.520242229232842, 6.5634694106088505, 7.383903086934957, 0.013099596406647667
8.364042011922063, 8.520242229232842, 7.383903086934957, 8.204336763261063, 0.13024215927387572
8.364042011922063, 8.520242229232842, 8.204336763261063, 9.024770439587169, 0.19217534802848513
8.364042011922063, 8.520242229232842, 9.024770439587169, 9.845204115913276, 0.0078980719662945
8.364042011922063, 8.520242229232842, 9.845204115913276, 10.665637792239382, 0.0630440768978788
8.364042011922063, 8.520242229232842, 10.665637792239382, 11.486071468565488, 0.18772557781553706
8.364042011922063, 8.520242229232842, 11.486071468565488, 12.306505144891595, 0.12910125387481042
8.364042011922063, 8.520242229232842, 12.306505144891595, 13.126938821217701, 0.11524556627160716
8.364042011922063, 8.520242229232842, 13.126938821217701, 13.947372497543807, 0.008677319173367453
8.364042011922063, 8.520242229232842, 13.947372497543807, 14.767806173869914, 0.007865818017887317
8.364042011922063, 8.520242229232842, 14.767806173869914, 15.58823985019602, 0.0
8.364042011922063, 8.520242229232842, 15.58823985019602, 16.408673526522126, 0.0
8.520242229232842, 8.676442446543623, 0.0, 0.8204336763261063, 0.040451320625592715
8.520242229232842, 8.676442446543623, 0.8204336763261063, 1.6408673526522126, 0.0
8.520242229232842, 8.676442446543623, 1.6408673526522126, 2.461301028978319, 0.0
8.520242229232842, 8.676442446543623, 2.461301028978319, 3.2817347053044252, 0.04562884940482057
8.520242229232842, 8.676442446543623, 3.2817347053044252, 4.102168381630531, 0.0
8.520242229232842, 8.676442446543623, 4.102168381630531, 4.922602057956638, 0.0
8.520242229232842, 8.676442446543623, 4.922602057956638, 5.743035734282744, 0.0
8.520242229232842, 8.676442446543623, 5.743035734282744, 6.5634694106088505, 0.021718226995139155
8.520242229232842, 8.676442446543623, 6.5634694106088505, 7.383903086934957, 0.042530653005077836
8.520242229232842, 8.676442446543623, 7.383903086934957, 8.204336763261063, 0.0973834117082389
8.520242229232842, 8.676442446543623, 8.204336763261063, 9.024770439587169, 0.036861352320320534
8.520242229232842, 8.676442446543623, 9.024770439587169, 9.845204115913276, 0.1777134311853627
8.520242229232842, 8.676442446543623, 9.845204115913276, 10.665637792239382, 0.08152504120449407
8.520242229232842, 8.676442446543623, 10.665637792239382, 11.486071468565488, 0.25091836139686735
8.520242229232842, 8.676442446543623, 11.486071468565488, 12.306505144891595, 0.12098467862381256
8.520242229232842, 8.676442446543623, 12.306505144891595, 13.126938821217701, 0.07308725412567134
8.520242229232842, 8.676442446543623, 13.126938821217701, 13.947372497543807, 0.011197419404602244
8.520242229232842, 8.676442446543623, 13.947372497543807, 14.767806173869914, 0.0
8.520242229232842, 8.676442446543623, 14.767806173869914, 15.58823985019602, 0.0
8.520242229232842, 8.676442446543623, 15.58823985019602, 16.408673526522126, 0.0
8.676442446543623, 8.832642663854402, 0.0, 0.8204336763261063, 0.0
8.676442446543623, 8.832642663854402, 0.8204336763261063, 1.6408673526522126, 0.0
8.676442446543623, 8.832642663854402, 1.6408673526522126, 2.461301028978319, 0.0
8.676442446543623, 8.832642663854402, 2.461301028978319, 3.2817347053044252, 0.028869592505425753
8.676442446543623, 8.832642663854402, 3.2817347053044252, 4.102168381630531, 0.0
8.676442446543623, 8.832642663854402, 4.102168381630531, 4.922602057956638, 0.0
8.676442446543623, 8.832642663854402, 4.922602057956638, 5.743035734282744, 0.015162828180009705
8.676442446543623, 8.832642663854402, 5.743035734282744, 6.5634694106088505, 0.04416867369376106
8.676442446543623, 8.832642663854402, 6.5634694106088505, 7.383903086934957, 0.06736052994823716
8.676442446543623, 8.832642663854402, 7.383903086934957, 8.204336763261063, 0.06402586690267957
8.676442446543623, 8.832642663854402, 8.204336763261063, 9.024770439587169, 0.06710650274014986
8.676442446543623, 8.832642663854402, 9.024770439587169, 9.845204115913276, 0.122350344059576
8.676442446543623, 8.832642663854402, 9.845204115913276, 10.665637792239382, 0.15494096229151502
8.676442446543623, 8.832642663854402, 10.665637792239382, 11.486071468565488, 0.2205013972930947
8.676442446543623, 8.832642663854402, 11.486071468565488, 12.306505144891595, 0.12086390629513967
8.676442446543623, 8.832642663854402, 12.306505144891595, 13.126938821217701, 0.06500820475003014
8.676442446543623, 8.832642663854402, 13.126938821217701, 13.947372497543807, 0.02239467433570417
8.676442446543623, 8.832642663854402, 13.947372497543807, 14.767806173869914, 0.005644620399019368
8.676442446543623, 8.832642663854402, 14.767806173869914, 15.58823985019602, 0.0016018966056579244
8.676442446543623, 8.832642663854402, 15.58823985019602, 16.408673526522126, 0.0
8.832642663854402, 8.988842881165183, 0.0, 0.8204336763261063, 0.0
8.832642663854402, 8.988842881165183, 0.8204336763261063, 1.6408673526522126, 0.0
8.832642663854402, 8.988842881165183, 1.6408673526522126, 2.461301028978319, 0.010134396778140223
8.832642663854402, 8.988842881165183, 2.461301028978319, 3.2817347053044252, 0.015033454181258812
8.832642663854402, 8.988842881165183, 3.2817347053044252, 4.102168381630531, 0.05030908239979382
8.832642663854402, 8.988842881165183, 4.102168381630531, 4.922602057956638, 0.021175436946805837
8.832642663854402, 8.988842881165183, 4.922602057956638, 5.743035734282744, 0.020952532486586864
8.832642663854402, 8.988842881165183, 5.743035734282744, 6.5634694106088505, 0.059378194065648614
8.832642663854402, 8.988842881165183, 6.5634694106088505, 7.383903086934957, 0.046643334311557975
8.832642663854402, 8.988842881165183, 7.383903086934957, 8.204336763261063, 0.02231351116147063
8.832642663854402, 8.988842881165183, 8.204336763261063, 9.024770439587169, 0.22859729083411515
8.832642663854402, 8.988842881165183, 9.024770439587169, 9.845204115913276, 0.08994286841163457
8.832642663854402, 8.988842881165183, 9.845204115913276, 10.665637792239382, 0.12383010668842194
8.832642663854402, 8.988842881165183, 10.665637792239382, 11.486071468565488, 0.15261712415007891
8.832642663854402, 8.988842881165183, 11.486071468565488, 12.306505144891595, 0.09104536653916494
8.832642663854402, 8.988842881165183, 12.306505144891595, 13.126938821217701, 0.05848138175937407
8.832642663854402, 8.988842881165183, 13.126938821217701, 13.947372497543807, 0.005995544657383979
8.832642663854402, 8.988842881165183, 13.947372497543807, 14.767806173869914, 0.0003029626686966434
8.832642663854402, 8.988842881165183, 14.767806173869914, 15.58823985019602, 0.003247411959867029
8.832642663854402, 8.988842881165183, 15.58823985019602, 16.408673526522126, 0.0
8.988842881165183, 9.145043098475963, 0.0, 0.8204336763261063, 0.019809376940020614
8.988842881165183, 9.145043098475963, 0.8204336763261063, 1.6408673526522126, 0.0
8.988842881165183, 9.145043098475963, 1.6408673526522126, 2.461301028978319, 0.0
8.988842881165183, 9.145043098475963, 2.461301028978319, 3.2817347053044252, 0.0009541876952735603
8.988842881165183, 9.145043098475963, 3.2817347053044252, 4.102168381630531, 0.0
8.988842881165183, 9.145043098475963, 4.102168381630531, 4.922602057956638, 0.03002478553350126
8.988842881165183, 9.145043098475963, 4.922602057956638, 5.743035734282744, 0.0799972456651046
8.988842881165183, 9.145043098475963, 5.743035734282744, 6.5634694106088505, 0.054742562584144186
8.988842881165183, 9.145043098475963, 6.5634694106088505, 7.383903086934957, 0.054789145850987535
8.988842881165183, 9.145043098475963, 7.383903086934957, 8.204336763261063, 0.0986897192556866
8.988842881165183, 9.145043098475963, 8.204336763261063, 9.024770439587169, 0.0752653623007849
8.988842881165183, 9.145043098475963, 9.024770439587169, 9.845204115913276, 0.12695681577180898
8.988842881165183, 9.145043098475963, 9.845204115913276, 10.665637792239382, 0.14339566543036553
8.988842881165183, 9.145043098475963, 10.665637792239382, 11.486071468565488, 0.13866591806399506
8.988842881165183, 9.145043098475963, 11.486071468565488, 12.306505144891595, 0.10347180242333061
8.988842881165183, 9.145043098475963, 12.306505144891595, 13.126938821217701, 0.05272743233954561
8.988842881165183, 9.145043098475963, 13.126938821217701, 13.947372497543807, 0.019480076782439144
8.988842881165183, 9.145043098475963, 13.947372497543807, 14.767806173869914, 0.0010299033630117012
8.988842881165183, 9.145043098475963, 14.767806173869914, 15.58823985019602, 0.0
8.988842881165183, 9.145043098475963, 15.58823985019602, 16.408673526522126, 0.0
9.145043098475963, 9.301243315786742, 0.0, 0.8204336763261063, 0.0
9.145043098475963, 9.301243315786742, 0.8204336763261063, 1.6408673526522126, 0.0
9.145043098475963, 9.301243315786742, 1.6408673526522126, 2.461301028978319, 0.0
9.145043098475963, 9.301243315786742, 2.461301028978319, 3.2817347053044252, 0.0014250053598497958
9.145043098475963, 9.301243315786742, 3.2817347053044252, 4.102168381630531, 0.004546746106607564
9.145043098475963, 9.301243315786742, 4.102168381630531, 4.922602057956638, 0.005033833982683144
9.145043098475963, 9.301243315786742, 4.922602057956638, 5.743035734282744, 0.07897767575021684
9.145043098475963, 9.301243315786742, 5.743035734282744, 6.5634694106088505, 0.043159504284332045
9.145043098475963, 9.301243315786742, 6.5634694106088505, 7.383903086934957, 0.09769364129480045
9.145043098475963, 9.301243315786742, 7.383903086934957, 8.204336763261063, 0.05510327622629012
9.145043098475963, 9.301243315786742, 8.204336763261063, 9.024770439587169, 0.09402972235547202
9.145043098475963, 9.301243315786742, 9.024770439587169, 9.845204115913276, 0.12267613905664321
9.145043098475963, 9.301243315786742, 9.845204115913276, 10.665637792239382, 0.13950732504317057
9.145043098475963, 9.301243315786742, 10.665637792239382, 11.486071468565488, 0.15271537652664927
9.145043098475963, 9.301243315786742, 11.486071468565488, 12.306505144891595, 0.12258802158937813
9.145043098475963, 9.301243315786742, 12.306505144891595, 13.126938821217701, 0.05406663336430775
9.145043098475963, 9.301243315786742, 13.126938821217701, 13.947372497543807, 0.019234057826361964
9.145043098475963, 9.301243315786742, 13.947372497543807, 14.767806173869914, 0.008209614789609241
9.145043098475963, 9.301243315786742, 14.767806173869914, 15.58823985019602, 0.001033426443627943
9.145043098475963, 9.301243315786742, 15.58823985019602, 16.408673526522126, 0.0
9.301243315786742, 9.457443533097523, 0.0, 0.8204336763261063, 0.0
9.301243315786742, 9.457443533097523, 0.8204336763261063, 1.6408673526522126, 0.0
9.301243315786742, 9.457443533097523, 1.6408673526522126, 2.461301028978319, 0.0036733307698257685
9.301243315786742, 9.457443533097523, 2.461301028978319, 3.2817347053044252, 0.0
9.301243315786742, 9.457443533097523, 3.2817347053044252, 4.102168381630531, 0.014315026010576291
9.301243315786742, 9.457443533097523, 4.102168381630531, 4.922602057956638, 0.002983011978189951
9.301243315786742, 9.457443533097523, 4.922602057956638, 5.743035734282744, 0.019358501102755613
9.301243315786742, 9.457443533097523, 5.743035734282744, 6.5634694106088505, 0.08206219245234346
9.301243315786742, 9.457443533097523, 6.5634694106088505, 7.383903086934957, 0.05371548472335564
9.301243315786742, 9.457443533097523, 7.383903086934957, 8.204336763261063, 0.06066470120048841
9.301243315786742, 9.457443533097523, 8.204336763261063, 9.024770439587169, 0.1041785619586663
9.301243315786742, 9.457443533097523, 9.024770439587169, 9.845204115913276, 0.12676113506867762
9.301243315786742, 9.457443533097523, 9.845204115913276, 10.665637792239382, 0.20283946054036586
9.301243315786742, 9.457443533097523, 10.665637792239382, 11.486071468565488, 0.14439925050777366
9.301243315786742, 9.457443533097523, 11.486071468565488, 12.306505144891595, 0.09135214200107408
9.301243315786742, 9.457443533097523, 12.306505144891595, 13.126938821217701, 0.07041503492518714
9.301243315786742, 9.457443533097523, 13.126938821217701, 13.947372497543807, 0.0177691026634717
9.301243315786742, 9.457443533097523, 13.947372497543807, 14.767806173869914, 0.005513064097248545
9.301243315786742, 9.457443533097523, 14.767806173869914, 15.58823985019602, 0.0
9.301243315786742, 9.457443533097523, 15.58823985019602, 16.408673526522126, 0.0
9.457443533097523, 9.613643750408302, 0.0, 0.8204336763261063, 0.0038823873855029535
9.457443533097523, 9.613643750408302, 0.8204336763261063, 1.6408673526522126, 0.0
9.457443533097523, 9.613643750408302, 1.6408673526522126, 2.461301028978319, 0.015203212421724458
9.457443533097523, 9.613643750408302, 2.461301028978319, 3.2817347053044252, 0.0
9.457443533097523, 9.613643750408302, 3.2817347053044252, 4.102168381630531, 0.0
9.457443533097523, 9.613643750408302, 4.102168381630531, 4.922602057956638, 0.01639563599776569
9.457443533097523, 9.613643750408302, 4.922602057956638, 5.743035734282744, 0.018825417069281765
9.457443533097523, 9.613643750408302, 5.743035734282744, 6.5634694106088505, 0.03931559320830565
9.457443533097523, 9.613643750408302, 6.5634694106088505, 7.383903086934957, 0.08163618745637394
9.457443533097523, 9.613643750408302, 7.383903086934957, 8.204336763261063, 0.11297782322929657
9.457443533097523, 9.613643750408302, 8.204336763261063, 9.024770439587169, 0.1027843853315249
9.457443533097523, 9.613643750408302, 9.024770439587169, 9.845204115913276, 0.15425347659386363
9.457443533097523, 9.613643750408302, 9.845204115913276, 10.665637792239382, 0.13433040646511968
9.457443533097523, 9.613643750408302, 10.665637792239382, 11.486071468565488, 0.1431499966711202
9.457443533097523, 9.613643750408302, 11.486071468565488, 12.306505144891595, 0.10446386190295334
9.457443533097523, 9.613643750408302, 12.306505144891595, 13.126938821217701, 0.056162131753969
9.457443533097523, 9.613643750408302, 13.126938821217701, 13.947372497543807, 0.013639319276470193
9.457443533097523, 9.613643750408302, 13.947372497543807, 14.767806173869914, 0.0029801652367279683
9.457443533097523, 9.613643750408302, 14.767806173869914, 15.58823985019602, 0.0
9.457443533097523, 9.613643750408302, 15.58823985019602, 16.408673526522126, 0.0
9.613643750408302, 9.769843967719083, 0.0, 0.8204336763261063, 0.004631186939601388
9.613643750408302, 9.769843967719083, 0.8204336763261063, 1.6408673526522126, 0.0026277395696804925
9.613643750408302, 9.769843967719083, 1.6408673526522126, 2.461301028978319, 0.0013300005269861967
9.613643750408302, 9.769843967719083, 2.461301028978319, 3.2817347053044252, 0.004704322261403422
9.613643750408302, 9.769843967719083, 3.2817347053044252, 4.102168381630531, 0.006985318388614364
9.613643750408302, 9.769843967719083, 4.102168381630531, 4.922602057956638, 0.007374075012477034
9.613643750408302, 9.769843967719083, 4.922602057956638, 5.743035734282744, 0.015315626983626943
9.613643750408302, 9.769843967719083, 5.743035734282744, 6.5634694106088505, 0.02977291990586779
9.613643750408302, 9.769843967719083, 6.5634694106088505, 7.383903086934957, 0.0585315598868362
9.613643750408302, 9.769843967719083, 7.383903086934957, 8.204336763261063, 0.10396206519568647
9.613643750408302, 9.769843967719083, 8.204336763261063, 9.024770439587169, 0.1206718242943595
9.613643750408302, 9.769843967719083, 9.024770439587169, 9.845204115913276, 0.15740141501633803
9.613643750408302, 9.769843967719083, 9.845204115913276, 10.665637792239382, 0.15663553179582237
9.613643750408302, 9.769843967719083, 10.665637792239382, 11.486071468565488, 0.14493174222639363
9.613643750408302, 9.769843967719083, 11.486071468565488, 12.306505144891595, 0.11676165075714812
9.613643750408302, 9.769843967719083, 12.306505144891595, 13.126938821217701, 0.05032763365648872
9.613643750408302, 9.769843967719083, 13.126938821217701, 13.947372497543807, 0.014924688748756042
9.613643750408302, 9.769843967719083, 13.947372497543807, 14.767806173869914, 0.0029583677323167254
9.613643750408302, 9.769843967719083, 14.767806173869914, 15.58823985019602, 0.0
9.613643750408302, 9.769843967719083, 15.58823985019602, 16.408673526522126, 0.00015233110159634
9.769843967719083, 9.926044185029863, 0.0, 0.8204336763261063, 0.0052413103713001286
9.769843967719083, 9.926044185029863, 0.8204336763261063, 1.6408673526522126, 0.0022689064820424747
9.769843967719083, 9.926044185029863, 1.6408673526522126, 2.461301028978319, 0.002527671747532697
9.769843967719083, 9.926044185029863, 2.461301028978319, 3.2817347053044252, 0.005255280887037881
9.769843967719083, 9.926044185029863, 3.2817347053044252, 4.102168381630531, 0.0015605976250307625
9.769843967719083, 9.926044185029863, 4.102168381630531, 4.922602057956638, 0.0051501104302545744
9.769843967719083, 9.926044185029863, 4.922602057956638, 5.743035734282744, 0.005985956004078245
9.769843967719083, 9.926044185029863, 5.743035734282744, 6.5634694106088505, 0.05329670106652128
9.769843967719083, 9.926044185029863, 6.5634694106088505, 7.383903086934957, 0.05292670299184406
9.769843967719083, 9.926044185029863, 7.383903086934957, 8.204336763261063, 0.0696408066484123
9.769843967719083, 9.926044185029863, 8.204336763261063, 9.024770439587169, 0.0994214756127931
9.769843967719083, 9.926044185029863, 9.024770439587169, 9.845204115913276, 0.14658645487011124
9.769843967719083, 9.926044185029863, 9.845204115913276, 10.665637792239382, 0.17715865700934383
9.769843967719083, 9.926044185029863, 10.665637792239382, 11.486071468565488, 0.14268143922940008
9.769843967719083, 9.926044185029863, 11.486071468565488, 12.306505144891595, 0.1337625874424991
9.769843967719083, 9.926044185029863, 12.306505144891595, 13.126938821217701, 0.06660394242807686
9.769843967719083, 9.926044185029863, 13.126938821217701, 13.947372497543807, 0.024062352854852156
9.769843967719083, 9.926044185029863, 13.947372497543807, 14.767806173869914, 0.005869046298869211
9.769843967719083, 9.926044185029863, 14.767806173869914, 15.58823985019602, 0.0
9.769843967719083, 9.926044185029863, 15.58823985019602, 16.408673526522126, 0.0
9.926044185029863, 10.082244402340642, 0.0, 0.8204336763261063, 0.0015122639420401373
9.926044185029863, 10.082244402340642, 0.8204336763261063, 1.6408673526522126, 0.0019111047195270756
9.926044185029863, 10.082244402340642, 1.6408673526522126, 2.461301028978319, 0.006424518056305081
9.926044185029863, 10.082244402340642, 2.461301028978319, 3.2817347053044252, 0.010961167200778905
9.926044185029863, 10.082244402340642, 3.2817347053044252, 4.102168381630531, 0.0016113646655138742
9.926044185029863, 10.082244402340642, 4.102168381630531, 4.922602057956638, 0.0
9.926044185029863, 10.082244402340642, 4.922602057956638, 5.743035734282744, 0.01681806318042869
9.926044185029863, 10.082244402340642, 5.743035734282744, 6.5634694106088505, 0.04045757989147533
9.926044185029863, 10.082244402340642, 6.5634694106088505, 7.383903086934957, 0.0680758792843861
9.926044185029863, 10.082244402340642, 7.383903086934957, 8.204336763261063, 0.09498342654745699
9.926044185029863, 10.082244402340642, 8.204336763261063, 9.024770439587169, 0.10277221623538288
9.926044185029863, 10.082244402340642, 9.024770439587169, 9.845204115913276, 0.12856755544867254
9.926044185029863, 10.082244402340642, 9.845204115913276, 10.665637792239382, 0.14761569468044622
9.926044185029863, 10.082244402340642, 10.665637792239382, 11.486071468565488, 0.16134726656423307
9.926044185029863, 10.082244402340642, 11.486071468565488, 12.306505144891595, 0.11228982835110622
9.926044185029863, 10.082244402340642, 12.306505144891595, 13.126938821217701, 0.07700477567779329
9.926044185029863, 10.082244402340642, 13.126938821217701, 13.947372497543807, 0.025001819554100035
9.926044185029863, 10.082244402340642, 13.947372497543807, 14.767806173869914, 0.0019018942943226584
9.926044185029863, 10.082244402340642, 14.767806173869914, 15.58823985019602, 0.0007435817060308427
9.926044185029863, 10.082244402340642, 15.58823985019602, 16.408673526522126, 0.0
10.082244402340642, 10.238444619651423, 0.0, 0.8204336763261063, 0.0
10.082244402340642, 10.238444619651423, 0.8204336763261063, 1.6408673526522126, 0.0020943821236655722
10.082244402340642, 10.238444619651423, 1.6408673526522126, 2.461301028978319, 0.0
10.082244402340642, 10.238444619651423, 2.461301028978319, 3.2817347053044252, 0.004711694553629596
10.082244402340642, 10.238444619651423, 3.2817347053044252, 4.102168381630531, 0.007901748131620139
10.082244402340642, 10.238444619651423, 4.102168381630531, 4.922602057956638, 0.0007747007579322672
10.082244402340642, 10.238444619651423, 4.922602057956638, 5.743035734282744, 0.004191124142134336
10.082244402340642, 10.238444619651423, 5.743035734282744, 6.5634694106088505, 0.009075440865667181
10.082244402340642, 10.238444619651423, 6.5634694106088505, 7.383903086934957, 0.03183519026784819
10.082244402340642, 10.238444619651423, 7.383903086934957, 8.204336763261063, 0.07335480636530149
10.082244402340642, 10.238444619651423, 8.204336763261063, 9.024770439587169, 0.09100035069675055
10.082244402340642, 10.238444619651423, 9.024770439587169, 9.845204115913276, 0.12421798846750447
10.082244402340642, 10.238444619651423, 9.845204115913276, 10.665637792239382, 0.16389253103761595
10.082244402340642, 10.238444619651423, 10.665637792239382, 11.486071468565488, 0.15892782136050884
10.082244402340642, 10.238444619651423, 11.486071468565488, 12.306505144891595, 0.15068989788816933
10.082244402340642, 10.238444619651423, 12.306505144891595, 13.126938821217701, 0.13245608943434975
10.082244402340642, 10.238444619651423, 13.126938821217701, 13.947372497543807, 0.038608960201728666
10.082244402340642, 10.238444619651423, 13.947372497543807, 14.767806173869914, 0.005456013140519243
10.082244402340642, 10.238444619651423, 14.767806173869914, 15.58823985019602, 0.0008112605650543851
10.082244402340642, 10.238444619651423, 15.58823985019602, 16.408673526522126, 0.0
10.238444619651423, 10.394644836962202, 0.0, 0.8204336763261063, 0.0007922910690366233
10.238444619651423, 10.394644836962202, 0.8204336763261063, 1.6408673526522126, 0.0
10.238444619651423, 10.394644836962202, 1.6408673526522126, 2.461301028978319, 0.0
10.238444619651423, 10.394644836962202, 2.461301028978319, 3.2817347053044252, 0.0
10.238444619651423, 10.394644836962202, 3.2817347053044252, 4.102168381630531, 0.0
10.238444619651423, 10.394644836962202, 4.102168381630531, 4.922602057956638, 0.011140067822680245
10.238444619651423, 10.394644836962202, 4.922602057956638, 5.743035734282744, 0.007425565466086033
10.238444619651423, 10.394644836962202, 5.743035734282744, 6.5634694106088505, 0.007474515817027359
10.238444619651423, 10.394644836962202, 6.5634694106088505, 7.383903086934957, 0.0470534893206566
10.238444619651423, 10.394644836962202, 7.383903086934957, 8.204336763261063, 0.07827089585172173
10.238444619651423, 10.394644836962202, 8.204336763261063, 9.024770439587169, 0.08448540425424145
10.238444619651423, 10.394644836962202, 9.024770439587169, 9.845204115913276, 0.11594456643840077
10.238444619651423, 10.394644836962202, 9.845204115913276, 10.665637792239382, 0.15590362055795268
10.238444619651423, 10.394644836962202, 10.665637792239382, 11.486071468565488, 0.1906308937810339
10.238444619651423, 10.394644836962202, 11.486071468565488, 12.306505144891595, 0.1590419885148102
10.238444619651423, 10.394644836962202, 12.306505144891595, 13.126938821217701, 0.10228346427950606
10.238444619651423, 10.394644836962202, 13.126938821217701, 13.947372497543807, 0.033248671196241836
10.238444619651423, 10.394644836962202, 13.947372497543807, 14.767806173869914, 0.005735665978800123
10.238444619651423, 10.394644836962202, 14.767806173869914, 15.58823985019602, 0.0005688996518045648
10.238444619651423, 10.394644836962202, 15.58823985019602, 16.408673526522126, 0.0
10.394644836962202, 10.550845054272983, 0.0, 0.8204336763261063, 0.0
10.394644836962202, 10.550845054272983, 0.8204336763261063, 1.6408673526522126, 0.0
10.394644836962202, 10.550845054272983, 1.6408673526522126, 2.461301028978319, 0.0
10.394644836962202, 10.550845054272983, 2.461301028978319, 3.2817347053044252, 0.0
10.394644836962202, 10.550845054272983, 3.2817347053044252, 4.102168381630531, 0.0019082348172459029
10.394644836962202, 10.550845054272983, 4.102168381630531, 4.922602057956638, 0.0017916451063417862
10.394644836962202, 10.550845054272983, 4.922602057956638, 5.743035734282744, 0.0018846185192843573
10.394644836962202, 10.550845054272983, 5.743035734282744, 6.5634694106088505, 0.018058243937199594
10.394644836962202, 10.550845054272983, 6.5634694106088505, 7.383903086934957, 0.019840775221289825
10.394644836962202, 10.550845054272983, 7.383903086934957, 8.204336763261063, 0.03584737075689834
10.394644836962202, 10.550845054272983, 8.204336763261063, 9.024770439587169, 0.06550576828008979
10.394644836962202, 10.550845054272983, 9.024770439587169, 9.845204115913276, 0.12223044673129563
10.394644836962202, 10.550845054272983, 9.845204115913276, 10.665637792239382, 0.20260062362180678
10.394644836962202, 10.550845054272983, 10.665637792239382, 11.486071468565488, 0.1951769219572442
10.394644836962202, 10.550845054272983, 11.486071468565488, 12.306505144891595, 0.17351501373229802
10.394644836962202, 10.550845054272983, 12.306505144891595, 13.126938821217701, 0.11072460224723508
10.394644836962202, 10.550845054272983, 13.126938821217701, 13.947372497543807, 0.04221498569900491
10.394644836962202, 10.550845054272983, 13.947372497543807, 14.767806173869914, 0.007208134724634926
10.394644836962202, 10.550845054272983, 14.767806173869914, 15.58823985019602, 0.0004584657686440976
10.394644836962202, 10.550845054272983, 15.58823985019602, 16.408673526522126, 0.0010341488794868578
10.550845054272983, 10.707045271583763, 0.0, 0.8204336763261063, 0.0
10.550845054272983, 10.707045271583763, 0.8204336763261063, 1.6408673526522126, 0.009288425504700376
10.550845054272983, 10.707045271583763, 1.6408673526522126, 2.461301028978319, 0.0
10.550845054272983, 10.707045271583763, 2.461301028978319, 3.2817347053044252, 0.0
10.550845054272983, 10.707045271583763, 3.2817347053044252, 4.102168381630531, 0.0
10.550845054272983, 10.707045271583763, 4.102168381630531, 4.922602057956638, 0.0018345071344016879
10.550845054272983, 10.707045271583763, 4.922602057956638, 5.743035734282744, 0.0
10.550845054272983, 10.707045271583763, 5.743035734282744, 6.5634694106088505, 0.01637834622366589
10.550845054272983, 10.707045271583763, 6.5634694106088505, 7.383903086934957, 0.023126937513376224
10.550845054272983, 10.707045271583763, 7.383903086934957, 8.204336763261063, 0.03516967144091074
10.550845054272983, 10.707045271583763, 8.204336763261063, 9.024770439587169, 0.06658528036815789
10.550845054272983, 10.707045271583763, 9.024770439587169, 9.845204115913276, 0.15113933040582903
10.550845054272983, 10.707045271583763, 9.845204115913276, 10.665637792239382, 0.15492777085063278
10.550845054272983, 10.707045271583763, 10.665637792239382, 11.486071468565488, 0.21166622253046855
10.550845054272983, 10.707045271583763, 11.486071468565488, 12.306505144891595, 0.16635510990712135
10.550845054272983, 10.707045271583763, 12.306505144891595, 13.126938821217701, 0.10670912515363233
10.550845054272983, 10.707045271583763, 13.126938821217701, 13.947372497543807, 0.047557375846492715
10.550845054272983, 10.707045271583763, 13.947372497543807, 14.767806173869914, 0.006862320800197794
10.550845054272983, 10.707045271583763, 14.767806173869914, 15.58823985019602, 0.00011876674216463908
10.550845054272983, 10.707045271583763, 15.58823985019602, 16.408673526522126, 0.0022808095782480666
10.707045271583763, 10.863245488894542, 0.0, 0.8204336763261063, 0.0
10.707045271583763, 10.863245488894542, 0.8204336763261063, 1.6408673526522126, 0.0
10.707045271583763, 10.863245488894542, 1.6408673526522126, 2.461301028978319, 0.0
10.707045271583763, 10.863245488894542, 2.461301028978319, 3.2817347053044252, 0.0
10.707045271583763, 10.863245488894542, 3.2817347053044252, 4.102168381630531, 0.0
10.707045271583763, 10.863245488894542, 4.102168381630531, 4.922602057956638, 0.0
10.707045271583763, 10.863245488894542, 4.922602057956638, 5.743035734282744, 0.0
10.707045271583763, 10.863245488894542, 5.743035734282744, 6.5634694106088505, 0.001819010412633058
10.707045271583763, 10.863245488894542, 6.5634694106088505, 7.383903086934957, 0.005705129067008453
10.707045271583763, 10.863245488894542, 7.383903086934957, 8.204336763261063, 0.04585264251028257
10.707045271583763, 10.863245488894542, 8.204336763261063, 9.024770439587169, 0.047665774118111126
10.707045271583763, 10.863245488894542, 9.024770439587169, 9.845204115913276, 0.11435943176280333
10.707045271583763, 10.863245488894542, 9.845204115913276, 10.665637792239382, 0.20461384120816697
10.707045271583763, 10.863245488894542, 10.665637792239382, 11.486071468565488, 0.20955420547542378
10.707045271583763, 10.863245488894542, 11.486071468565488, 12.306505144891595, 0.19554381661772793
10.707045271583763, 10.863245488894542, 12.306505144891595, 13.126938821217701, 0.1079627078847208
10.707045271583763, 10.863245488894542, 13.126938821217701, 13.947372497543807, 0.05406782516183613
10.707045271583763, 10.863245488894542, 13.947372497543807, 14.767806173869914, 0.010240890409510766
10.707045271583763, 10.863245488894542, 14.767806173869914, 15.58823985019602, 0.002435678818744001
10.707045271583763, 10.863245488894542, 15.58823985019602, 16.408673526522126, 0.00017904655303115934
10.863245488894542, 11.019445706205323, 0.0, 0.8204336763261063, 0.0
10.863245488894542, 11.019445706205323, 0.8204336763261063, 1.6408673526522126, 0.0
10.863245488894542, 11.019445706205323, 1.6408673526522126, 2.461301028978319, 0.0
10.863245488894542, 11.019445706205323, 2.461301028978319, 3.2817347053044252, 0.0
10.863245488894542, 11.019445706205323, 3.2817347053044252, 4.102168381630531, 0.001004566415641791
10.863245488894542, 11.019445706205323, 4.102168381630531, 4.922602057956638, 0.0
10.863245488894542, 11.019445706205323, 4.922602057956638, 5.743035734282744, 0.0010151658209136326
10.863245488894542, 11.019445706205323, 5.743035734282744, 6.5634694106088505, 0.0005478585895019994
10.863245488894542, 11.019445706205323, 6.5634694106088505, 7.383903086934957, 0.004977680856654958
10.863245488894542, 11.019445706205323, 7.383903086934957, 8.204336763261063, 0.00034310815825676897
10.863245488894542, 11.019445706205323, 8.204336763261063, 9.024770439587169, 0.026733916835319733
10.863245488894542, 11.019445706205323, 9.024770439587169, 9.845204115913276, 0.10003971123836902
10.863245488894542, 11.019445706205323, 9.845204115913276, 10.665637792239382, 0.16278274346392732
10.863245488894542, 11.019445706205323, 10.665637792239382, 11.486071468565488, 0.2318610280572475
10.863245488894542, 11.019445706205323, 11.486071468565488, 12.306505144891595, 0.20136469508443391
10.863245488894542, 11.019445706205323, 12.306505144891595, 13.126938821217701, 0.19948956852737096
10.863245488894542, 11.019445706205323, 13.126938821217701, 13.947372497543807, 0.05719190305797305
10.863245488894542, 11.019445706205323, 13.947372497543807, 14.767806173869914, 0.011862052234884752
10.863245488894542, 11.019445706205323, 14.767806173869914, 15.58823985019602, 0.0007860016595046838
10.863245488894542, 11.019445706205323, 15.58823985019602, 16.408673526522126, 0.0
11.019445706205323, 11.175645923516102, 0.0, 0.8204336763261063, 0.0
11.019445706205323, 11.175645923516102, 0.8204336763261063, 1.6408673526522126, 0.0
11.019445706205323, 11.175645923516102, 1.6408673526522126, 2.461301028978319, 0.0
11.019445706205323, 11.175645923516102, 2.461301028978319, 3.2817347053044252, 0.0
11.019445706205323, 11.175645923516102, 3.2817347053044252, 4.102168381630531, 0.0
11.019445706205323, 11.175645923516102, 4.102168381630531, 4.922602057956638, 0.0
11.019445706205323, 11.175645923516102, 4.922602057956638, 5.743035734282744, 0.0031328835168662455
11.019445706205323, 11.175645923516102, 5.743035734282744, 6.5634694106088505, 0.0
11.019445706205323, 11.175645923516102, 6.5634694106088505, 7.383903086934957, 0.015259306518422841
11.019445706205323, 11.175645923516102, 7.383903086934957, 8.204336763261063, 0.008377324073436361
11.019445706205323, 11.175645923516102, 8.204336763261063, 9.024770439587169, 0.03690300009204308
11.019445706205323, 11.175645923516102, 9.024770439587169, 9.845204115913276, 0.0411641681868274
11.019445706205323, 11.175645923516102, 9.845204115913276, 10.665637792239382, 0.16636816651808942
11.019445706205323, 11.175645923516102, 10.665637792239382, 11.486071468565488, 0.22588846770631751
11.019445706205323, 11.175645923516102, 11.486071468565488, 12.306505144891595, 0.23835563383100308
11.019445706205323, 11.175645923516102, 12.306505144891595, 13.126938821217701, 0.1640907828784265
11.019445706205323, 11.175645923516102, 13.126938821217701, 13.947372497543807, 0.07481080453929725
11.019445706205323, 11.175645923516102, 13.947372497543807, 14.767806173869914, 0.02365906515041949
11.019445706205323, 11.175645923516102, 14.767806173869914, 15.58823985019602, 0.001835873539241252
11.019445706205323, 11.175645923516102, 15.58823985019602, 16.408673526522126, 0.00015452344960959386
11.175645923516102, 11.331846140826883, 0.0, 0.8204336763261063, 0.0
11.175645923516102, 11.331846140826883, 0.8204336763261063, 1.6408673526522126, 0.0
11.175645923516102, 11.331846140826883, 1.6408673526522126, 2.461301028978319, 0.0
11.175645923516102, 11.331846140826883, 2.461301028978319, 3.2817347053044252, 0.0
11.175645923516102, 11.331846140826883, 3.2817347053044252, 4.102168381630531, 0.0
11.175645923516102, 11.331846140826883, 4.102168381630531, 4.922602057956638, 0.0
11.175645923516102, 11.331846140826883, 4.922602057956638, 5.743035734282744, 0.0004947733771802377
11.175645923516102, 11.331846140826883, 5.743035734282744, 6.5634694106088505, 0.0
11.175645923516102, 11.331846140826883, 6.5634694106088505, 7.383903086934957, 0.0
11.175645923516102, 11.331846140826883, 7.383903086934957, 8.204336763261063, 0.006988306665820176
11.175645923516102, 11.331846140826883, 8.204336763261063, 9.024770439587169, 0.013612868792561631
11.175645923516102, 11.331846140826883, 9.024770439587169, 9.845204115913276, 0.03624792902302873
11.175645923516102, 11.331846140826883, 9.845204115913276, 10.665637792239382, 0.11763561912688968
11.175645923516102, 11.331846140826883, 10.665637792239382, 11.486071468565488, 0.2585762205951506
11.175645923516102, 11.331846140826883, 11.486071468565488, 12.306505144891595, 0.21828568847363386
11.175645923516102, 11.331846140826883, 12.306505144891595, 13.126938821217701, 0.1823314366992286
11.175645923516102, 11.331846140826883, 13.126938821217701, 13.947372497543807, 0.13619329258817142
11.175645923516102, 11.331846140826883, 13.947372497543807, 14.767806173869914, 0.025359208771037985
11.175645923516102, 11.331846140826883, 14.767806173869914, 15.58823985019602, 0.004274655887297218
11.175645923516102, 11.331846140826883, 15.58823985019602, 16.408673526522126, 0.0
11.331846140826883, 11.488046358137662, 0.0, 0.8204336763261063, 0.0
11.331846140826883, 11.488046358137662, 0.8204336763261063, 1.6408673526522126, 0.0
11.331846140826883, 11.488046358137662, 1.6408673526522126, 2.461301028978319, 0.0
11.331846140826883, 11.488046358137662, 2.461301028978319, 3.2817347053044252, 0.0
11.331846140826883, 11.488046358137662, 3.2817347053044252, 4.102168381630531, 0.0
11.331846140826883, 11.488046358137662, 4.102168381630531, 4.922602057956638, 0.0
11.331846140826883, 11.488046358137662, 4.922602057956638, 5.743035734282744, 0.0
11.331846140826883, 11.488046358137662, 5.743035734282744, 6.5634694106088505, 0.0
11.331846140826883, 11.488046358137662, 6.5634694106088505, 7.383903086934957, 0.0
11.331846140826883, 11.488046358137662, 7.383903086934957, 8.204336763261063, 0.0
11.331846140826883, 11.488046358137662, 8.204336763261063, 9.024770439587169, 0.0336533100989912
11.331846140826883, 11.488046358137662, 9.024770439587169, 9.845204115913276, 0.026085856477480927
11.331846140826883, 11.488046358137662, 9.845204115913276, 10.665637792239382, 0.15346186871338985
11.331846140826883, 11.488046358137662, 10.665637792239382, 11.486071468565488, 0.21828384180335375
11.331846140826883, 11.488046358137662, 11.486071468565488, 12.306505144891595, 0.20029676312031244
11.331846140826883, 11.488046358137662, 12.306505144891595, 13.126938821217701, 0.2016862239949735
11.331846140826883, 11.488046358137662, 13.126938821217701, 13.947372497543807, 0.0964860316012684
11.331846140826883, 11.488046358137662, 13.947372497543807, 14.767806173869914, 0.0501460801713516
11.331846140826883, 11.488046358137662, 14.767806173869914, 15.58823985019602, 0.019558068067654488
11.331846140826883, 11.488046358137662, 15.58823985019602, 16.408673526522126, 0.0003419559512238239
11.488046358137662, 11.644246575448442, 0.0, 0.8204336763261063, 0.0
11.488046358137662, 11.644246575448442, 0.8204336763261063, 1.6408673526522126, 0.0
11.488046358137662, 11.644246575448442, 1.6408673526522126, 2.461301028978319, 0.0
11.488046358137662, 11.644246575448442, 2.461301028978319, 3.2817347053044252, 0.0
11.488046358137662, 11.644246575448442, 3.2817347053044252, 4.102168381630531, 0.0
11.488046358137662, 11.644246575448442, 4.102168381630531, 4.922602057956638, 0.0
11.488046358137662, 11.644246575448442, 4.922602057956638, 5.743035734282744, 0.0
11.488046358137662, 11.644246575448442, 5.743035734282744, 6.5634694106088505, 0.0
11.488046358137662, 11.644246575448442, 6.5634694106088505, 7.383903086934957, 0.0
11.488046358137662, 11.644246575448442, 7.383903086934957, 8.204336763261063, 0.0
11.488046358137662, 11.644246575448442, 8.204336763261063, 9.024770439587169, 0.0371791201364852
11.488046358137662, 11.644246575448442, 9.024770439587169, 9.845204115913276, 0.06178685865804607
11.488046358137662, 11.644246575448442, 9.845204115913276, 10.665637792239382, 0.07250435307945091
11.488046358137662, 11.644246575448442, 10.665637792239382, 11.486071468565488, 0.12317918768181263
11.488046358137662, 11.644246575448442, 11.486071468565488, 12.306505144891595, 0.32505023423198676
11.488046358137662, 11.644246575448442, 12.306505144891595, 13.126938821217701, 0.21816726124189664
11.488046358137662, 11.644246575448442, 13.126938821217701, 13.947372497543807, 0.12664854862446615
11.488046358137662, 11.644246575448442, 13.947372497543807, 14.767806173869914, 0.030187299852082662
11.488046358137662, 11.644246575448442, 14.767806173869914, 15.58823985019602, 0.0032937808332182735
11.488046358137662, 11.644246575448442, 15.58823985019602, 16.408673526522126, 0.00200335566055468
11.644246575448442, 11.800446792759223, 0.0, 0.8204336763261063, 0.0
11.644246575448442, 11.800446792759223, 0.8204336763261063, 1.6408673526522126, 0.0
11.644246575448442, 11.800446792759223, 1.6408673526522126, 2.461301028978319, 0.0
11.644246575448442, 11.800446792759223, 2.461301028978319, 3.2817347053044252, 0.0
11.644246575448442, 11.800446792759223, 3.2817347053044252, 4.102168381630531, 0.0
11.644246575448442, 11.800446792759223, 4.102168381630531, 4.922602057956638, 0.0
11.644246575448442, 11.800446792759223, 4.922602057956638, 5.743035734282744, 0.0
11.644246575448442, 11.800446792759223, 5.743035734282744, 6.5634694106088505, 0.0
11.644246575448442, 11.800446792759223, 6.5634694106088505, 7.383903086934957, 0.0
11.644246575448442, 11.800446792759223, 7.383903086934957, 8.204336763261063, 0.0
11.644246575448442, 11.800446792759223, 8.204336763261063, 9.024770439587169, 0.008002485363970774
11.644246575448442, 11.800446792759223, 9.024770439587169, 9.845204115913276, 0.007737002247020256
11.644246575448442, 11.800446792759223, 9.845204115913276, 10.665637792239382, 0.060077496904350575
11.644246575448442, 11.800446792759223, 10.665637792239382, 11.486071468565488, 0.21469639583194947
11.644246575448442, 11.800446792759223, 11.486071468565488, 12.306505144891595, 0.13130464224032032
11.644246575448442, 11.800446792759223, 12.306505144891595, 13.126938821217701, 0.26821390848070764
11.644246575448442, 11.800446792759223, 13.126938821217701, 13.947372497543807, 0.11907327443836123
11.644246575448442, 11.800446792759223, 13.947372497543807, 14.767806173869914, 0.14851643761164116
11.644246575448442, 11.800446792759223, 14.767806173869914, 15.58823985019602, 0.04049563804155942
11.644246575448442, 11.800446792759223, 15.58823985019602, 16.408673526522126, 0.0018827188401192168
11.800446792759223, 11.956647010070002, 0.0, 0.8204336763261063, 0.0
11.800446792759223, 11.956647010070002, 0.8204336763261063, 1.6408673526522126, 0.0
11.800446792759223, 11.956647010070002, 1.6408673526522126, 2.461301028978319, 0.0
11.800446792759223, 11.956647010070002, 2.461301028978319, 3.2817347053044252, 0.0
11.800446792759223, 11.956647010070002, 3.2817347053044252, 4.102168381630531, 0.0
11.800446792759223, 11.956647010070002, 4.102168381630531, 4.922602057956638, 0.0
11.800446792759223, 11.956647010070002, 4.922602057956638, 5.743035734282744, 0.0
11.800446792759223, 11.956647010070002, 5.743035734282744, 6.5634694106088505, 0.0
11.800446792759223, 11.956647010070002, 6.5634694106088505, 7.383903086934957, 0.0
11.800446792759223, 11.956647010070002, 7.383903086934957, 8.204336763261063, 0.07913254737669626
11.800446792759223, 11.956647010070002, 8.204336763261063, 9.024770439587169, 0.02573572589620017
11.800446792759223, 11.956647010070002, 9.024770439587169, 9.845204115913276, 0.037513358589987444
11.800446792759223, 11.956647010070002, 9.845204115913276, 10.665637792239382, 0.06994398818656573
11.800446792759223, 11.956647010070002, 10.665637792239382, 11.486071468565488, 0.24626204766451024
11.800446792759223, 11.956647010070002, 11.486071468565488, 12.306505144891595, 0.1530406179153814
11.800446792759223, 11.956647010070002, 12.306505144891595, 13.126938821217701, 0.1911951146394128
11.800446792759223, 11.956647010070002, 13.126938821217701, 13.947372497543807, 0.09545001915125961
11.800446792759223, 11.956647010070002, 13.947372497543807, 14.767806173869914, 0.0062962723088675985
11.800446792759223, 11.956647010070002, 14.767806173869914, 15.58823985019602, 0.09028426850707946
11.800446792759223, 11.956647010070002, 15.58823985019602, 16.408673526522126, 0.005146039764039341
11.956647010070002, 12.112847227380783, 0.0, 0.8204336763261063, 0.0
11.956647010070002, 12.112847227380783, 0.8204336763261063, 1.6408673526522126, 0.0
11.956647010070002, 12.112847227380783, 1.6408673526522126, 2.461301028978319, 0.0
11.956647010070002, 12.112847227380783, 2.461301028978319, 3.2817347053044252, 0.0
11.956647010070002, 12.112847227380783, 3.2817347053044252, 4.102168381630531, 0.0
11.956647010070002, 12.112847227380783, 4.102168381630531, 4.922602057956638, 0.0
11.956647010070002, 12.112847227380783, 4.922602057956638, 5.743035734282744, 0.0
11.956647010070002, 12.112847227380783, 5.743035734282744, 6.5634694106088505, 0.0
11.956647010070002, 12.112847227380783, 6.5634694106088505, 7.383903086934957, 0.0
11.956647010070002, 12.112847227380783, 7.383903086934957, 8.204336763261063, 0.0
11.956647010070002, 12.112847227380783, 8.204336763261063, 9.024770439587169, 0.0
11.956647010070002, 12.112847227380783, 9.024770439587169, 9.845204115913276, 0.25646274987037776
11.956647010070002, 12.112847227380783, 9.845204115913276, 10.665637792239382, 0.0
11.956647010070002, 12.112847227380783, 10.665637792239382, 11.486071468565488, 0.0
11.956647010070002, 12.112847227380783, 11.486071468565488, 12.306505144891595, 0.12163179974486295
11.956647010070002, 12.112847227380783, 12.306505144891595, 13.126938821217701, 0.21023170036553027
11.956647010070002, 12.112847227380783, 13.126938821217701, 13.947372497543807, 0.3745073496194767
11.956647010070002, 12.112847227380783, 13.947372497543807, 14.767806173869914, 0.03716640039975234
11.956647010070002, 12.112847227380783, 14.767806173869914, 15.58823985019602, 0.0
11.956647010070002, 12.112847227380783, 15.58823985019602, 16.408673526522126, 0.0
12.112847227380783, 12.269047444691562, 0.0, 0.8204336763261063, 0.0
12.112847227380783, 12.269047444691562, 0.8204336763261063, 1.6408673526522126, 0.0
12.112847227380783, 12.269047444691562, 1.6408673526522126, 2.461301028978319, 0.0
12.112847227380783, 12.269047444691562, 2.461301028978319, 3.2817347053044252, 0.0
12.112847227380783, 12.269047444691562, 3.2817347053044252, 4.102168381630531, 0.0
12.112847227380783, 12.269047444691562, 4.102168381630531, 4.922602057956638, 0.0
12.112847227380783, 12.269047444691562, 4.922602057956638, 5.743035734282744, 0.0
12.112847227380783, 12.269047444691562, 5.743035734282744, 6.5634694106088505, 0.0
12.112847227380783, 12.269047444691562, 6.5634694106088505, 7.383903086934957, 0.0
12.112847227380783, 12.269047444691562, 7.383903086934957, 8.204336763261063, 0.0
12.112847227380783, 12.269047444691562, 8.204336763261063, 9.024770439587169, 0.0
12.112847227380783, 12.269047444691562, 9.024770439587169, 9.845204115913276, 0.0
12.112847227380783, 12.269047444691562, 9.845204115913276, 10.665637792239382, 0.0
12.112847227380783, 12.269047444691562, 10.665637792239382, 11.486071468565488, 0.0
12.112847227380783, 12.269047444691562, 11.486071468565488, 12.306505144891595, 0.0
12.112847227380783, 12.269047444691562, 12.306505144891595, 13.126938821217701, 0.0
12.112847227380783, 12.269047444691562, 13.126938821217701, 13.947372497543807, 1.0
12.112847227380783, 12.269047444691562, 13.947372497543807, 14.767806173869914, 0.0
12.112847227380783, 12.269047444691562, 14.767806173869914, 15.58823985019602, 0.0
12.112847227380783, 12.269047444691562, 15.58823985019602, 16.408673526522126, 0.0
