# Log Net Income (lower edge), Log Net Income (upper edge), Log Net Wealth (lower edge), Log Net Wealth (upper edge), Probability
8.364042011922063, 8.520242229232842, 0.0, 0.8204336763261063, 0.0
8.364042011922063, 8.520242229232842, 0.8204336763261063, 1.6408673526522126, 0.0
8.364042011922063, 8.520242229232842, 1.6408673526522126, 2.461301028978319, 0.054635360493759326
8.364042011922063, 8.520242229232842, 2.461301028978319, 3.2817347053044252, 0.0
8.364042011922063, 8.520242229232842, 3.2817347053044252, 4.102168381630531, 0.0
8.364042011922063, 8.520242229232842, 4.102168381630531, 4.922602057956638, 0.062050765855012326
8.364042011922063, 8.520242229232842, 4.922602057956638, 5.743035734282744, 0.028239085924837176
8.364042011922063, 8.520242229232842, 5.743035734282744, 6.5634694106088505, 0.013099596406647667
8.364042011922063, 8.520242229232842, 6.5634694106088505, 7.383903086934957, 0.1381402312401702
8.364042011922063, 8.520242229232842, 7.383903086934957, 8.204336763261063, 0.19217534802848513
8.364042011922063, 8.520242229232842, 8.204336763261063, 9.024770439587169, 0.03206296363175217
8.364042011922063, 8.520242229232842, 9.024770439587169, 9.845204115913276, 0.030981113266126632
8.364042011922063, 8.520242229232842, 9.845204115913276, 10.665637792239382, 0.047918368783845616
8.364042011922063, 8.520242229232842, 10.665637792239382, 11.486071468565488, 0.218833076904859
8.364042011922063, 8.520242229232842, 11.486071468565488, 12.306505144891595, 0.1199525473046934
8.364042011922063, 8.520242229232842, 12.306505144891595, 13.126938821217701, 0.05404572414192409
8.364042011922063, 8.520242229232842, 13.126938821217701, 13.947372497543807, 0.007865818017887317
8.364042011922063, 8.520242229232842, 13.947372497543807, 14.767806173869914, 0.0
8.364042011922063, 8.520242229232842, 14.767806173869914, 15.58823985019602, 0.0
8.364042011922063, 8.520242229232842, 15.58823985019602, 16.408673526522126, 0.0
8.520242229232842, 8.676442446543623, 0.0, 0.8204336763261063, 0.040451320625592715
8.520242229232842, 8.676442446543623, 0.8204336763261063, 1.6408673526522126, 0.0
8.520242229232842, 8.676442446543623, 1.6408673526522126, 2.461301028978319, 0.04562884940482057
8.520242229232842, 8.676442446543623, 2.461301028978319, 3.2817347053044252, 0.0
8.520242229232842, 8.676442446543623, 3.2817347053044252, 4.102168381630531, 0.0
8.520242229232842, 8.676442446543623, 4.102168381630531, 4.922602057956638, 0.017161727674677742
8.520242229232842, 8.676442446543623, 4.922602057956638, 5.743035734282744, 0.021718226995139155
8.520242229232842, 8.676442446543623, 5.743035734282744, 6.5634694106088505, 0.025368925330400093
8.520242229232842, 8.676442446543623, 6.5634694106088505, 7.383903086934957, 0.0973834117082389
8.520242229232842, 8.676442446543623, 7.383903086934957, 8.204336763261063, 0.0
8.520242229232842, 8.676442446543623, 8.204336763261063, 9.024770439587169, 0.1190124905306762
8.520242229232842, 8.676442446543623, 9.024770439587169, 9.845204115913276, 0.123459998522673
8.520242229232842, 8.676442446543623, 9.845204115913276, 10.665637792239382, 0.17067711905655303
8.520242229232842, 8.676442446543623, 10.665637792239382, 11.486071468565488, 0.2199969433857998
8.520242229232842, 8.676442446543623, 11.486071468565488, 12.306505144891595, 0.047433855661260876
8.520242229232842, 8.676442446543623, 12.306505144891595, 13.126938821217701, 0.045982622524267255
8.520242229232842, 8.676442446543623, 13.126938821217701, 13.947372497543807, 0.02572450857990056
8.520242229232842, 8.676442446543623, 13.947372497543807, 14.767806173869914, 0.0
8.520242229232842, 8.676442446543623, 14.767806173869914, 15.58823985019602, 0.0
8.520242229232842, 8.676442446543623, 15.58823985019602, 16.408673526522126, 0.0
8.676442446543623, 8.832642663854402, 0.0, 0.8204336763261063, 0.0
8.676442446543623, 8.832642663854402, 0.8204336763261063, 1.6408673526522126, 0.0
8.676442446543623, 8.832642663854402, 1.6408673526522126, 2.461301028978319, 0.02886959250542576
8.676442446543623, 8.832642663854402, 2.461301028978319, 3.2817347053044252, 0.0
8.676442446543623, 8.832642663854402, 3.2817347053044252, 4.102168381630531, 0.0
8.676442446543623, 8.832642663854402, 4.102168381630531, 4.922602057956638, 0.04284613835151068
8.676442446543623, 8.832642663854402, 4.922602057956638, 5.743035734282744, 0.03069131061562853
8.676442446543623, 8.832642663854402, 5.743035734282744, 6.5634694106088505, 0.062207912743126266
8.676442446543623, 8.832642663854402, 6.5634694106088505, 7.383903086934957, 0.037263082299390515
8.676442446543623, 8.832642663854402, 7.383903086934957, 8.204336763261063, 0.09295552345879599
8.676442446543623, 8.832642663854402, 8.204336763261063, 9.024770439587169, 0.08005188582735524
8.676442446543623, 8.832642663854402, 9.024770439587169, 9.845204115913276, 0.17707100217832278
8.676442446543623, 8.832642663854402, 9.845204115913276, 10.665637792239382, 0.20677348971630038
8.676442446543623, 8.832642663854402, 10.665637792239382, 11.486071468565488, 0.11091726211861308
8.676442446543623, 8.832642663854402, 11.486071468565488, 12.306505144891595, 0.0863153481837993
8.676442446543623, 8.832642663854402, 12.306505144891595, 13.126938821217701, 0.03307968137830849
8.676442446543623, 8.832642663854402, 13.126938821217701, 13.947372497543807, 0.009355874017765326
8.676442446543623, 8.832642663854402, 13.947372497543807, 14.767806173869914, 0.0
8.676442446543623, 8.832642663854402, 14.767806173869914, 15.58823985019602, 0.0016018966056579246
8.676442446543623, 8.832642663854402, 15.58823985019602, 16.408673526522126, 0.0
8.832642663854402, 8.988842881165183, 0.0, 0.8204336763261063, 0.0
8.832642663854402, 8.988842881165183, 0.8204336763261063, 1.6408673526522126, 0.010134396778140223
8.832642663854402, 8.988842881165183, 1.6408673526522126, 2.461301028978319, 0.015033454181258812
8.832642663854402, 8.988842881165183, 2.461301028978319, 3.2817347053044252, 0.05030908239979382
8.832642663854402, 8.988842881165183, 3.2817347053044252, 4.102168381630531, 0.021175436946805837
8.832642663854402, 8.988842881165183, 4.102168381630531, 4.922602057956638, 0.020952532486586864
8.832642663854402, 8.988842881165183, 4.922602057956638, 5.743035734282744, 0.06531261484847178
8.832642663854402, 8.988842881165183, 5.743035734282744, 6.5634694106088505, 0.025511145017933407
8.832642663854402, 8.988842881165183, 6.5634694106088505, 7.383903086934957, 0.0401864269882924
8.832642663854402, 8.988842881165183, 7.383903086934957, 8.204336763261063, 0.17270343720999387
8.832642663854402, 8.988842881165183, 8.204336763261063, 9.024770439587169, 0.14316157471973548
8.832642663854402, 8.988842881165183, 9.024770439587169, 9.845204115913276, 0.07778595768987573
8.832642663854402, 8.988842881165183, 9.845204115913276, 10.665637792239382, 0.15966032880649147
8.832642663854402, 8.988842881165183, 10.665637792239382, 11.486071468565488, 0.0967696663612399
8.832642663854402, 8.988842881165183, 11.486071468565488, 12.306505144891595, 0.08461902169752973
8.832642663854402, 8.988842881165183, 12.306505144891595, 13.126938821217701, 0.009241024017184562
8.832642663854402, 8.988842881165183, 13.126938821217701, 13.947372497543807, 0.004196487890799093
8.832642663854402, 8.988842881165183, 13.947372497543807, 14.767806173869914, 0.0
8.832642663854402, 8.988842881165183, 14.767806173869914, 15.58823985019602, 0.003247411959867029
8.832642663854402, 8.988842881165183, 15.58823985019602, 16.408673526522126, 0.0
8.988842881165183, 9.145043098475963, 0.0, 0.8204336763261063, 0.019809376940020614
8.988842881165183, 9.145043098475963, 0.8204336763261063, 1.6408673526522126, 0.0
8.988842881165183, 9.145043098475963, 1.6408673526522126, 2.461301028978319, 0.0
8.988842881165183, 9.145043098475963, 2.461301028978319, 3.2817347053044252, 0.03332853759181755
8.988842881165183, 9.145043098475963, 3.2817347053044252, 4.102168381630531, 0.03002478553350126
8.988842881165183, 9.145043098475963, 4.102168381630531, 4.922602057956638, 0.051581172370986715
8.988842881165183, 9.145043098475963, 4.922602057956638, 5.743035734282744, 0.043434638174724115
8.988842881165183, 9.145043098475963, 5.743035734282744, 6.5634694106088505, 0.057789436379177606
8.988842881165183, 9.145043098475963, 6.5634694106088505, 7.383903086934957, 0.09483957752026849
8.988842881165183, 9.145043098475963, 7.383903086934957, 8.204336763261063, 0.07060156073438016
8.988842881165183, 9.145043098475963, 8.204336763261063, 9.024770439587169, 0.11295541793647307
8.988842881165183, 9.145043098475963, 9.024770439587169, 9.845204115913276, 0.11752734772511278
8.988842881165183, 9.145043098475963, 9.845204115913276, 10.665637792239382, 0.15673771142594248
8.988842881165183, 9.145043098475963, 10.665637792239382, 11.486071468565488, 0.11057544153220734
8.988842881165183, 9.145043098475963, 11.486071468565488, 12.306505144891595, 0.06564071639080536
8.988842881165183, 9.145043098475963, 12.306505144891595, 13.126938821217701, 0.02218212563266133
8.988842881165183, 9.145043098475963, 13.126938821217701, 13.947372497543807, 0.012972154111921022
8.988842881165183, 9.145043098475963, 13.947372497543807, 14.767806173869914, 0.0
8.988842881165183, 9.145043098475963, 14.767806173869914, 15.58823985019602, 0.0
8.988842881165183, 9.145043098475963, 15.58823985019602, 16.408673526522126, 0.0
9.145043098475963, 9.301243315786742, 0.0, 0.8204336763261063, 0.0
9.145043098475963, 9.301243315786742, 0.8204336763261063, 1.6408673526522126, 0.0
9.145043098475963, 9.301243315786742, 1.6408673526522126, 2.461301028978319, 0.0014250053598497954
9.145043098475963, 9.301243315786742, 2.461301028978319, 3.2817347053044252, 0.004546746106607563
9.145043098475963, 9.301243315786742, 3.2817347053044252, 4.102168381630531, 0.010304493969826216
9.145043098475963, 9.301243315786742, 4.102168381630531, 4.922602057956638, 0.05699342002335013
9.145043098475963, 9.301243315786742, 4.922602057956638, 5.743035734282744, 0.08238140000004407
9.145043098475963, 9.301243315786742, 5.743035734282744, 6.5634694106088505, 0.06459686123277728
9.145043098475963, 9.301243315786742, 6.5634694106088505, 7.383903086934957, 0.053888166515047936
9.145043098475963, 9.301243315786742, 7.383903086934957, 8.204336763261063, 0.09268184042964693
9.145043098475963, 9.301243315786742, 8.204336763261063, 9.024770439587169, 0.13498172448253487
9.145043098475963, 9.301243315786742, 9.024770439587169, 9.845204115913276, 0.11459500748969538
9.145043098475963, 9.301243315786742, 9.845204115913276, 10.665637792239382, 0.11751657525544676
9.145043098475963, 9.301243315786742, 10.665637792239382, 11.486071468565488, 0.1481071816005231
9.145043098475963, 9.301243315786742, 11.486071468565488, 12.306505144891595, 0.0591855151286385
9.145043098475963, 9.301243315786742, 12.306505144891595, 13.126938821217701, 0.043175584335633496
9.145043098475963, 9.301243315786742, 13.126938821217701, 13.947372497543807, 0.011425304928415635
9.145043098475963, 9.301243315786742, 13.947372497543807, 14.767806173869914, 0.003161746698334241
9.145043098475963, 9.301243315786742, 14.767806173869914, 15.58823985019602, 0.0010334264436279428
9.145043098475963, 9.301243315786742, 15.58823985019602, 16.408673526522126, 0.0
9.301243315786742, 9.457443533097523, 0.0, 0.8204336763261063, 0.0
9.301243315786742, 9.457443533097523, 0.8204336763261063, 1.6408673526522126, 0.003673330769825768
9.301243315786742, 9.457443533097523, 1.6408673526522126, 2.461301028978319, 0.0
9.301243315786742, 9.457443533097523, 2.461301028978319, 3.2817347053044252, 0.008881161507753425
9.301243315786742, 9.457443533097523, 3.2817347053044252, 4.102168381630531, 0.01665254009733167
9.301243315786742, 9.457443533097523, 4.102168381630531, 4.922602057956638, 0.024218949369203213
9.301243315786742, 9.457443533097523, 4.922602057956638, 5.743035734282744, 0.05954619490508496
9.301243315786742, 9.457443533097523, 5.743035734282744, 6.5634694106088505, 0.059469792516061534
9.301243315786742, 9.457443533097523, 6.5634694106088505, 7.383903086934957, 0.05913671567679903
9.301243315786742, 9.457443533097523, 7.383903086934957, 8.204336763261063, 0.09103150408685076
9.301243315786742, 9.457443533097523, 8.204336763261063, 9.024770439587169, 0.12602119317650542
9.301243315786742, 9.457443533097523, 9.024770439587169, 9.845204115913276, 0.1900261807296729
9.301243315786742, 9.457443533097523, 9.845204115913276, 10.665637792239382, 0.1460702214057594
9.301243315786742, 9.457443533097523, 10.665637792239382, 11.486071468565488, 0.09199956788556138
9.301243315786742, 9.457443533097523, 11.486071468565488, 12.306505144891595, 0.06749254848111702
9.301243315786742, 9.457443533097523, 12.306505144891595, 13.126938821217701, 0.04203264922517027
9.301243315786742, 9.457443533097523, 13.126938821217701, 13.947372497543807, 0.011662979377248197
9.301243315786742, 9.457443533097523, 13.947372497543807, 14.767806173869914, 0.0020844707900549517
9.301243315786742, 9.457443533097523, 14.767806173869914, 15.58823985019602, 0.0
9.301243315786742, 9.457443533097523, 15.58823985019602, 16.408673526522126, 0.0
9.457443533097523, 9.613643750408302, 0.0, 0.8204336763261063, 0.003882387385502954
9.457443533097523, 9.613643750408302, 0.8204336763261063, 1.6408673526522126, 0.01723768175963127
9.457443533097523, 9.613643750408302, 1.6408673526522126, 2.461301028978319, 0.0
9.457443533097523, 9.613643750408302, 2.461301028978319, 3.2817347053044252, 0.0
9.457443533097523, 9.613643750408302, 3.2817347053044252, 4.102168381630531, 0.01639563599776569
9.457443533097523, 9.613643750408302, 4.102168381630531, 4.922602057956638, 0.012193034245455951
9.457443533097523, 9.613643750408302, 4.922602057956638, 5.743035734282744, 0.030914344945802443
9.457443533097523, 9.613643750408302, 5.743035734282744, 6.5634694106088505, 0.08872272879859093
9.457443533097523, 9.613643750408302, 6.5634694106088505, 7.383903086934957, 0.0972177882516037
9.457443533097523, 9.613643750408302, 7.383903086934957, 8.204336763261063, 0.10687075594268824
9.457443533097523, 9.613643750408302, 8.204336763261063, 9.024770439587169, 0.13715429598443638
9.457443533097523, 9.613643750408302, 9.024770439587169, 9.845204115913276, 0.1460756848826935
9.457443533097523, 9.613643750408302, 9.845204115913276, 10.665637792239382, 0.13415468510149067
9.457443533097523, 9.613643750408302, 10.665637792239382, 11.486071468565488, 0.10337290239652884
9.457443533097523, 9.613643750408302, 11.486071468565488, 12.306505144891595, 0.06829711353399782
9.457443533097523, 9.613643750408302, 12.306505144891595, 13.126938821217701, 0.02718599475885509
9.457443533097523, 9.613643750408302, 13.126938821217701, 13.947372497543807, 0.008085253670237736
9.457443533097523, 9.613643750408302, 13.947372497543807, 14.767806173869914, 0.0022397123447187284
9.457443533097523, 9.613643750408302, 14.767806173869914, 15.58823985019602, 0.0
9.457443533097523, 9.613643750408302, 15.58823985019602, 16.408673526522126, 0.0
9.613643750408302, 9.769843967719083, 0.0, 0.8204336763261063, 0.00725892650928188
9.613643750408302, 9.769843967719083, 0.8204336763261063, 1.6408673526522126, 0.0013300005269861967
9.613643750408302, 9.769843967719083, 1.6408673526522126, 2.461301028978319, 0.005549579361221288
9.613643750408302, 9.769843967719083, 2.461301028978319, 3.2817347053044252, 0.006291669269193803
9.613643750408302, 9.769843967719083, 3.2817347053044252, 4.102168381630531, 0.004534758534406853
9.613643750408302, 9.769843967719083, 4.102168381630531, 4.922602057956638, 0.018117579784504963
9.613643750408302, 9.769843967719083, 4.922602057956638, 5.743035734282744, 0.03530933455101046
9.613643750408302, 9.769843967719083, 5.743035734282744, 6.5634694106088505, 0.05008436823479096
9.613643750408302, 9.769843967719083, 6.5634694106088505, 7.383903086934957, 0.08902498382016835
9.613643750408302, 9.769843967719083, 7.383903086934957, 8.204336763261063, 0.12197281134343078
9.613643750408302, 9.769843967719083, 8.204336763261063, 9.024770439587169, 0.14015028665639256
9.613643750408302, 9.769843967719083, 9.024770439587169, 9.845204115913276, 0.1463372840368277
9.613643750408302, 9.769843967719083, 9.845204115913276, 10.665637792239382, 0.15298574066451393
9.613643750408302, 9.769843967719083, 10.665637792239382, 11.486071468565488, 0.12184795573695853
9.613643750408302, 9.769843967719083, 11.486071468565488, 12.306505144891595, 0.06425109515719901
9.613643750408302, 9.769843967719083, 12.306505144891595, 13.126938821217701, 0.02464374560321951
9.613643750408302, 9.769843967719083, 13.126938821217701, 13.947372497543807, 0.00959441013449845
9.613643750408302, 9.769843967719083, 13.947372497543807, 14.767806173869914, 0.0005631389737982323
9.613643750408302, 9.769843967719083, 14.767806173869914, 15.58823985019602, 0.0
9.613643750408302, 9.769843967719083, 15.58823985019602, 16.408673526522126, 0.00015233110159634
9.769843967719083, 9.926044185029863, 0.0, 0.8204336763261063, 0.0075102168533426016
9.769843967719083, 9.926044185029863, 0.8204336763261063, 1.6408673526522126, 0.0025276717475326968
9.769843967719083, 9.926044185029863, 1.6408673526522126, 2.461301028978319, 0.00525528088703788
9.769843967719083, 9.926044185029863, 2.461301028978319, 3.2817347053044252, 0.0022318666129845953
9.769843967719083, 9.926044185029863, 3.2817347053044252, 4.102168381630531, 0.016060852176237452
9.769843967719083, 9.926044185029863, 4.102168381630531, 4.922602057956638, 0.004300974118312944
9.769843967719083, 9.926044185029863, 4.922602057956638, 5.743035734282744, 0.047079943390791114
9.769843967719083, 9.926044185029863, 5.743035734282744, 6.5634694106088505, 0.041713964497888854
9.769843967719083, 9.926044185029863, 6.5634694106088505, 7.383903086934957, 0.07613274982782015
9.769843967719083, 9.926044185029863, 7.383903086934957, 8.204336763261063, 0.10864390424700925
9.769843967719083, 9.926044185029863, 8.204336763261063, 9.024770439587169, 0.13597288328139542
9.769843967719083, 9.926044185029863, 9.024770439587169, 9.845204115913276, 0.15579367665021615
9.769843967719083, 9.926044185029863, 9.845204115913276, 10.665637792239382, 0.12123006874665831
9.769843967719083, 9.926044185029863, 10.665637792239382, 11.486071468565488, 0.14025406871794596
9.769843967719083, 9.926044185029863, 11.486071468565488, 12.306505144891595, 0.08742525935137208
9.769843967719083, 9.926044185029863, 12.306505144891595, 13.126938821217701, 0.03281301016236027
9.769843967719083, 9.926044185029863, 13.126938821217701, 13.947372497543807, 0.013845403517014476
9.769843967719083, 9.926044185029863, 13.947372497543807, 14.767806173869914, 0.001208205214079608
9.769843967719083, 9.926044185029863, 14.767806173869914, 15.58823985019602, 0.0
9.769843967719083, 9.926044185029863, 15.58823985019602, 16.408673526522126, 0.0
9.926044185029863, 10.082244402340642, 0.0, 0.8204336763261063, 0.0034233686615672133
9.926044185029863, 10.082244402340642, 0.8204336763261063, 1.6408673526522126, 0.006424518056305081
9.926044185029863, 10.082244402340642, 1.6408673526522126, 2.461301028978319, 0.01184992634378982
9.926044185029863, 10.082244402340642, 2.461301028978319, 3.2817347053044252, 0.0
9.926044185029863, 10.082244402340642, 3.2817347053044252, 4.102168381630531, 0.01035684192142832
9.926044185029863, 10.082244402340642, 4.102168381630531, 4.922602057956638, 0.017058925620992104
9.926044185029863, 10.082244402340642, 4.922602057956638, 5.743035734282744, 0.03585955777470614
9.926044185029863, 10.082244402340642, 5.743035734282744, 6.5634694106088505, 0.0751721585618753
9.926044185029863, 10.082244402340642, 6.5634694106088505, 7.383903086934957, 0.09827052006080794
9.926044185029863, 10.082244402340642, 7.383903086934957, 8.204336763261063, 0.0940446713247975
9.926044185029863, 10.082244402340642, 8.204336763261063, 9.024770439587169, 0.10411989807698281
9.926044185029863, 10.082244402340642, 9.024770439587169, 9.845204115913276, 0.1559563689559937
9.926044185029863, 10.082244402340642, 9.845204115913276, 10.665637792239382, 0.12767347390876382
9.926044185029863, 10.082244402340642, 10.665637792239382, 11.486071468565488, 0.11700344161070794
9.926044185029863, 10.082244402340642, 11.486071468565488, 12.306505144891595, 0.08813010004503259
9.926044185029863, 10.082244402340642, 12.306505144891595, 13.126938821217701, 0.03527305995187216
9.926044185029863, 10.082244402340642, 13.126938821217701, 13.947372497543807, 0.01732392471737118
9.926044185029863, 10.082244402340642, 13.947372497543807, 14.767806173869914, 0.0018517807609847435
9.926044185029863, 10.082244402340642, 14.767806173869914, 15.58823985019602, 0.00020746364602148318
9.926044185029863, 10.082244402340642, 15.58823985019602, 16.408673526522126, 0.0
10.082244402340642, 10.238444619651423, 0.0, 0.8204336763261063, 0.0020943821236655722
10.082244402340642, 10.238444619651423, 0.8204336763261063, 1.6408673526522126, 0.0
10.082244402340642, 10.238444619651423, 1.6408673526522126, 2.461301028978319, 0.004711694553629596
10.082244402340642, 10.238444619651423, 2.461301028978319, 3.2817347053044252, 0.0016451101719929626
10.082244402340642, 10.238444619651423, 3.2817347053044252, 4.102168381630531, 0.004947458399932001
10.082244402340642, 10.238444619651423, 4.102168381630531, 4.922602057956638, 0.008246542864606032
10.082244402340642, 10.238444619651423, 4.922602057956638, 5.743035734282744, 0.011674958562942048
10.082244402340642, 10.238444619651423, 5.743035734282744, 6.5634694106088505, 0.022541498813106912
10.082244402340642, 10.238444619651423, 6.5634694106088505, 7.383903086934957, 0.06986577873795573
10.082244402340642, 10.238444619651423, 7.383903086934957, 8.204336763261063, 0.08050901577363538
10.082244402340642, 10.238444619651423, 8.204336763261063, 9.024770439587169, 0.12888234323625522
10.082244402340642, 10.238444619651423, 9.024770439587169, 9.845204115913276, 0.13789575306970817
10.082244402340642, 10.238444619651423, 9.845204115913276, 10.665637792239382, 0.1324896047303528
10.082244402340642, 10.238444619651423, 10.665637792239382, 11.486071468565488, 0.16873903647378016
10.082244402340642, 10.238444619651423, 11.486071468565488, 12.306505144891595, 0.12331182983858917
10.082244402340642, 10.238444619651423, 12.306505144891595, 13.126938821217701, 0.08496363189171773
10.082244402340642, 10.238444619651423, 13.126938821217701, 13.947372497543807, 0.015611904016504547
10.082244402340642, 10.238444619651423, 13.947372497543807, 14.767806173869914, 0.0017595965986801016
10.082244402340642, 10.238444619651423, 14.767806173869914, 15.58823985019602, 0.00010986014294577727
10.082244402340642, 10.238444619651423, 15.58823985019602, 16.408673526522126, 0.0
10.238444619651423, 10.394644836962202, 0.0, 0.8204336763261063, 0.0007922910690366233
10.238444619651423, 10.394644836962202, 0.8204336763261063, 1.6408673526522126, 0.0
10.238444619651423, 10.394644836962202, 1.6408673526522126, 2.461301028978319, 0.0
10.238444619651423, 10.394644836962202, 2.461301028978319, 3.2817347053044252, 0.0
10.238444619651423, 10.394644836962202, 3.2817347053044252, 4.102168381630531, 0.011140067822680245
10.238444619651423, 10.394644836962202, 4.102168381630531, 4.922602057956638, 0.0025705370437648914
10.238444619651423, 10.394644836962202, 4.922602057956638, 5.743035734282744, 0.014437838242812912
10.238444619651423, 10.394644836962202, 5.743035734282744, 6.5634694106088505, 0.04784767723737308
10.238444619651423, 10.394644836962202, 6.5634694106088505, 7.383903086934957, 0.10432693297329211
10.238444619651423, 10.394644836962202, 7.383903086934957, 8.204336763261063, 0.05551184055521138
10.238444619651423, 10.394644836962202, 8.204336763261063, 9.024770439587169, 0.09926690422204837
10.238444619651423, 10.394644836962202, 9.024770439587169, 9.845204115913276, 0.13917967984805918
10.238444619651423, 10.394644836962202, 9.845204115913276, 10.665637792239382, 0.17418989656805858
10.238444619651423, 10.394644836962202, 10.665637792239382, 11.486071468565488, 0.15713838924475035
10.238444619651423, 10.394644836962202, 11.486071468565488, 12.306505144891595, 0.11105410926953309
10.238444619651423, 10.394644836962202, 12.306505144891595, 13.126938821217701, 0.06385973894020601
10.238444619651423, 10.394644836962202, 13.126938821217701, 13.947372497543807, 0.016061577743210452
10.238444619651423, 10.394644836962202, 13.947372497543807, 14.767806173869914, 0.002426489466981987
10.238444619651423, 10.394644836962202, 14.767806173869914, 15.58823985019602, 0.0001960297529809728
10.238444619651423, 10.394644836962202, 15.58823985019602, 16.408673526522126, 0.0
10.394644836962202, 10.550845054272983, 0.0, 0.8204336763261063, 0.0
10.394644836962202, 10.550845054272983, 0.8204336763261063, 1.6408673526522126, 0.0
10.394644836962202, 10.550845054272983, 1.6408673526522126, 2.461301028978319, 0.0
10.394644836962202, 10.550845054272983, 2.461301028978319, 3.2817347053044252, 0.00806072477393131
10.394644836962202, 10.550845054272983, 3.2817347053044252, 4.102168381630531, 0.00022284347224465478
10.394644836962202, 10.550845054272983, 4.102168381630531, 4.922602057956638, 0.012699210790004157
10.394644836962202, 10.550845054272983, 4.922602057956638, 5.743035734282744, 0.013798371559613515
10.394644836962202, 10.550845054272983, 5.743035734282744, 6.5634694106088505, 0.022636727391761917
10.394644836962202, 10.550845054272983, 6.5634694106088505, 7.383903086934957, 0.03867625354959206
10.394644836962202, 10.550845054272983, 7.383903086934957, 8.204336763261063, 0.0697578851493424
10.394644836962202, 10.550845054272983, 8.204336763261063, 9.024770439587169, 0.10826378904341785
10.394644836962202, 10.550845054272983, 9.024770439587169, 9.845204115913276, 0.14327558451492062
10.394644836962202, 10.550845054272983, 9.845204115913276, 10.665637792239382, 0.2125238196422214
10.394644836962202, 10.550845054272983, 10.665637792239382, 11.486071468565488, 0.13931892707745427
10.394644836962202, 10.550845054272983, 11.486071468565488, 12.306505144891595, 0.13763601707771822
10.394644836962202, 10.550845054272983, 12.306505144891595, 13.126938821217701, 0.06670161886316549
10.394644836962202, 10.550845054272983, 13.126938821217701, 13.947372497543807, 0.02244121406648742
10.394644836962202, 10.550845054272983, 13.947372497543807, 14.767806173869914, 0.002924996743874594
10.394644836962202, 10.550845054272983, 14.767806173869914, 15.58823985019602, 0.00036684207671516296
10.394644836962202, 10.550845054272983, 15.58823985019602, 16.408673526522126, 0.0006951742075348172
10.550845054272983, 10.707045271583763, 0.0, 0.8204336763261063, 0.009288425504700376
10.550845054272983, 10.707045271583763, 0.8204336763261063, 1.6408673526522126, 0.0
10.550845054272983, 10.707045271583763, 1.6408673526522126, 2.461301028978319, 0.0
10.550845054272983, 10.707045271583763, 2.461301028978319, 3.2817347053044252, 0.0
10.550845054272983, 10.707045271583763, 3.2817347053044252, 4.102168381630531, 0.0002103813821697948
10.550845054272983, 10.707045271583763, 4.102168381630531, 4.922602057956638, 0.0046074897831456145
10.550845054272983, 10.707045271583763, 4.922602057956638, 5.743035734282744, 0.00986695568304882
10.550845054272983, 10.707045271583763, 5.743035734282744, 6.5634694106088505, 0.0504461244403017
10.550845054272983, 10.707045271583763, 6.5634694106088505, 7.383903086934957, 0.021988181431052092
10.550845054272983, 10.707045271583763, 7.383903086934957, 8.204336763261063, 0.0824675014571052
10.550845054272983, 10.707045271583763, 8.204336763261063, 9.024770439587169, 0.1450938871299023
10.550845054272983, 10.707045271583763, 9.024770439587169, 9.845204115913276, 0.14021106923613513
10.550845054272983, 10.707045271583763, 9.845204115913276, 10.665637792239382, 0.1544159922099912
10.550845054272983, 10.707045271583763, 10.665637792239382, 11.486071468565488, 0.17104536822633687
10.550845054272983, 10.707045271583763, 11.486071468565488, 12.306505144891595, 0.10408944612659596
10.550845054272983, 10.707045271583763, 12.306505144891595, 13.126938821217701, 0.07807501293530654
10.550845054272983, 10.707045271583763, 13.126938821217701, 13.947372497543807, 0.02451832030409399
10.550845054272983, 10.707045271583763, 13.947372497543807, 14.767806173869914, 0.0012762678297018424
10.550845054272983, 10.707045271583763, 14.767806173869914, 15.58823985019602, 0.00011876674216463908
10.550845054272983, 10.707045271583763, 15.58823985019602, 16.408673526522126, 0.0022808095782480666
10.707045271583763, 10.863245488894542, 0.0, 0.8204336763261063, 0.0
10.707045271583763, 10.863245488894542, 0.8204336763261063, 1.6408673526522126, 0.0
10.707045271583763, 10.863245488894542, 1.6408673526522126, 2.461301028978319, 0.0
10.707045271583763, 10.863245488894542, 2.461301028978319, 3.2817347053044252, 0.0
10.707045271583763, 10.863245488894542, 3.2817347053044252, 4.102168381630531, 0.0
10.707045271583763, 10.863245488894542, 4.102168381630531, 4.922602057956638, 0.007151690835698921
10.707045271583763, 10.863245488894542, 4.922602057956638, 5.743035734282744, 0.010479874714778022
10.707045271583763, 10.863245488894542, 5.743035734282744, 6.5634694106088505, 0.008222574432494054
10.707045271583763, 10.863245488894542, 6.5634694106088505, 7.383903086934957, 0.039539518308442406
10.707045271583763, 10.863245488894542, 7.383903086934957, 8.204336763261063, 0.06834639038922102
10.707045271583763, 10.863245488894542, 8.204336763261063, 9.024770439587169, 0.121217119084605
10.707045271583763, 10.863245488894542, 9.024770439587169, 9.845204115913276, 0.16616601469930228
10.707045271583763, 10.863245488894542, 9.845204115913276, 10.665637792239382, 0.178288906051024
10.707045271583763, 10.863245488894542, 10.665637792239382, 11.486071468565488, 0.1694736119300156
10.707045271583763, 10.863245488894542, 11.486071468565488, 12.306505144891595, 0.11493622137228203
10.707045271583763, 10.863245488894542, 12.306505144891595, 13.126938821217701, 0.08003909167481298
10.707045271583763, 10.863245488894542, 13.126938821217701, 13.947372497543807, 0.030350384731472724
10.707045271583763, 10.863245488894542, 13.947372497543807, 14.767806173869914, 0.0049516016122729
10.707045271583763, 10.863245488894542, 14.767806173869914, 15.58823985019602, 0.0006579536105469477
10.707045271583763, 10.863245488894542, 15.58823985019602, 16.408673526522126, 0.0001790465530311593
10.863245488894542, 11.019445706205323, 0.0, 0.8204336763261063, 0.0
10.863245488894542, 11.019445706205323, 0.8204336763261063, 1.6408673526522126, 0.0011315183271265183
10.863245488894542, 11.019445706205323, 1.6408673526522126, 2.461301028978319, 0.0
10.863245488894542, 11.019445706205323, 2.461301028978319, 3.2817347053044252, 0.0
10.863245488894542, 11.019445706205323, 3.2817347053044252, 4.102168381630531, 0.0010045664156417909
10.863245488894542, 11.019445706205323, 4.102168381630531, 4.922602057956638, 0.0010151658209136324
10.863245488894542, 11.019445706205323, 4.922602057956638, 5.743035734282744, 0.0021002639113619228
10.863245488894542, 11.019445706205323, 5.743035734282744, 6.5634694106088505, 0.004477172189821402
10.863245488894542, 11.019445706205323, 6.5634694106088505, 7.383903086934957, 0.007842021682906338
10.863245488894542, 11.019445706205323, 7.383903086934957, 8.204336763261063, 0.03475113605040186
10.863245488894542, 11.019445706205323, 8.204336763261063, 9.024770439587169, 0.09510340920537283
10.863245488894542, 11.019445706205323, 9.024770439587169, 9.845204115913276, 0.1544690274188087
10.863245488894542, 11.019445706205323, 9.845204115913276, 10.665637792239382, 0.1820273140939787
10.863245488894542, 11.019445706205323, 10.665637792239382, 11.486071468565488, 0.18774107944542306
10.863245488894542, 11.019445706205323, 11.486071468565488, 12.306505144891595, 0.1747333834619006
10.863245488894542, 11.019445706205323, 12.306505144891595, 13.126938821217701, 0.11233214441604715
10.863245488894542, 11.019445706205323, 13.126938821217701, 13.947372497543807, 0.03643459030050279
10.863245488894542, 11.019445706205323, 13.947372497543807, 14.767806173869914, 0.004431243376944294
10.863245488894542, 11.019445706205323, 14.767806173869914, 15.58823985019602, 0.00040596388284825757
10.863245488894542, 11.019445706205323, 15.58823985019602, 16.408673526522126, 0.0
11.019445706205323, 11.175645923516102, 0.0, 0.8204336763261063, 0.0
11.019445706205323, 11.175645923516102, 0.8204336763261063, 1.6408673526522126, 0.0
11.019445706205323, 11.175645923516102, 1.6408673526522126, 2.461301028978319, 0.0
11.019445706205323, 11.175645923516102, 2.461301028978319, 3.2817347053044252, 0.0
11.019445706205323, 11.175645923516102, 3.2817347053044252, 4.102168381630531, 0.0
11.019445706205323, 11.175645923516102, 4.102168381630531, 4.922602057956638, 0.016623448490761836
11.019445706205323, 11.175645923516102, 4.922602057956638, 5.743035734282744, 0.004600598947588858
11.019445706205323, 11.175645923516102, 5.743035734282744, 6.5634694106088505, 0.007914974488883049
11.019445706205323, 11.175645923516102, 6.5634694106088505, 7.383903086934957, 0.02216666975396215
11.019445706205323, 11.175645923516102, 7.383903086934957, 8.204336763261063, 0.04395621987036159
11.019445706205323, 11.175645923516102, 8.204336763261063, 9.024770439587169, 0.05129653736438875
11.019445706205323, 11.175645923516102, 9.024770439587169, 9.845204115913276, 0.13173280074658336
11.019445706205323, 11.175645923516102, 9.845204115913276, 10.665637792239382, 0.1727630252267743
11.019445706205323, 11.175645923516102, 10.665637792239382, 11.486071468565488, 0.22285037893945464
11.019445706205323, 11.175645923516102, 11.486071468565488, 12.306505144891595, 0.14751840718391876
11.019445706205323, 11.175645923516102, 12.306505144891595, 13.126938821217701, 0.11785767162478432
11.019445706205323, 11.175645923516102, 13.126938821217701, 13.947372497543807, 0.04776557632641357
11.019445706205323, 11.175645923516102, 13.947372497543807, 14.767806173869914, 0.011230219962057388
11.019445706205323, 11.175645923516102, 14.767806173869914, 15.58823985019602, 0.0017234710740674315
11.019445706205323, 11.175645923516102, 15.58823985019602, 16.408673526522126, 0.0
11.175645923516102, 11.331846140826883, 0.0, 0.8204336763261063, 0.0
11.175645923516102, 11.331846140826883, 0.8204336763261063, 1.6408673526522126, 0.0
11.175645923516102, 11.331846140826883, 1.6408673526522126, 2.461301028978319, 0.0
11.175645923516102, 11.331846140826883, 2.461301028978319, 3.2817347053044252, 0.0
11.175645923516102, 11.331846140826883, 3.2817347053044252, 4.102168381630531, 0.0045356087010373514
11.175645923516102, 11.331846140826883, 4.102168381630531, 4.922602057956638, 0.0
11.175645923516102, 11.331846140826883, 4.922602057956638, 5.743035734282744, 0.0
11.175645923516102, 11.331846140826883, 5.743035734282744, 6.5634694106088505, 0.00710737240943306
11.175645923516102, 11.331846140826883, 6.5634694106088505, 7.383903086934957, 0.005286294124766126
11.175645923516102, 11.331846140826883, 7.383903086934957, 8.204336763261063, 0.03364914708300772
11.175645923516102, 11.331846140826883, 8.204336763261063, 9.024770439587169, 0.03913938207110792
11.175645923516102, 11.331846140826883, 9.024770439587169, 9.845204115913276, 0.15081851179703692
11.175645923516102, 11.331846140826883, 9.845204115913276, 10.665637792239382, 0.14778985272930026
11.175645923516102, 11.331846140826883, 10.665637792239382, 11.486071468565488, 0.15996649292027565
11.175645923516102, 11.331846140826883, 11.486071468565488, 12.306505144891595, 0.20161194857245018
11.175645923516102, 11.331846140826883, 12.306505144891595, 13.126938821217701, 0.1514688089003318
11.175645923516102, 11.331846140826883, 13.126938821217701, 13.947372497543807, 0.07961300952622509
11.175645923516102, 11.331846140826883, 13.947372497543807, 14.767806173869914, 0.01713281536821982
11.175645923516102, 11.331846140826883, 14.767806173869914, 15.58823985019602, 0.0018807557968082865
11.175645923516102, 11.331846140826883, 15.58823985019602, 16.408673526522126, 0.0
11.331846140826883, 11.488046358137662, 0.0, 0.8204336763261063, 0.0
11.331846140826883, 11.488046358137662, 0.8204336763261063, 1.6408673526522126, 0.0
11.331846140826883, 11.488046358137662, 1.6408673526522126, 2.461301028978319, 0.0
11.331846140826883, 11.488046358137662, 2.461301028978319, 3.2817347053044252, 0.0
11.331846140826883, 11.488046358137662, 3.2817347053044252, 4.102168381630531, 0.0
11.331846140826883, 11.488046358137662, 4.102168381630531, 4.922602057956638, 0.0
11.331846140826883, 11.488046358137662, 4.922602057956638, 5.743035734282744, 0.0
11.331846140826883, 11.488046358137662, 5.743035734282744, 6.5634694106088505, 0.0
11.331846140826883, 11.488046358137662, 6.5634694106088505, 7.383903086934957, 0.0
11.331846140826883, 11.488046358137662, 7.383903086934957, 8.204336763261063, 0.048792045083707124
11.331846140826883, 11.488046358137662, 8.204336763261063, 9.024770439587169, 0.017702232395064313
11.331846140826883, 11.488046358137662, 9.024770439587169, 9.845204115913276, 0.11774284454068472
11.331846140826883, 11.488046358137662, 9.845204115913276, 10.665637792239382, 0.18542089486124558
11.331846140826883, 11.488046358137662, 10.665637792239382, 11.486071468565488, 0.20411358950562075
11.331846140826883, 11.488046358137662, 11.486071468565488, 12.306505144891595, 0.15274919641556448
11.331846140826883, 11.488046358137662, 12.306505144891595, 13.126938821217701, 0.15543029567075203
11.331846140826883, 11.488046358137662, 13.126938821217701, 13.947372497543807, 0.057718956130446836
11.331846140826883, 11.488046358137662, 13.947372497543807, 14.767806173869914, 0.05998798944569033
11.331846140826883, 11.488046358137662, 14.767806173869914, 15.58823985019602, 0.0
11.331846140826883, 11.488046358137662, 15.58823985019602, 16.408673526522126, 0.0003419559512238239
11.488046358137662, 11.644246575448442, 0.0, 0.8204336763261063, 0.0
11.488046358137662, 11.644246575448442, 0.8204336763261063, 1.6408673526522126, 0.0
11.488046358137662, 11.644246575448442, 1.6408673526522126, 2.461301028978319, 0.0
11.488046358137662, 11.644246575448442, 2.461301028978319, 3.2817347053044252, 0.0
11.488046358137662, 11.644246575448442, 3.2817347053044252, 4.102168381630531, 0.0
11.488046358137662, 11.644246575448442, 4.102168381630531, 4.922602057956638, 0.0
11.488046358137662, 11.644246575448442, 4.922602057956638, 5.743035734282744, 0.0
11.488046358137662, 11.644246575448442, 5.743035734282744, 6.5634694106088505, 0.0
11.488046358137662, 11.644246575448442, 6.5634694106088505, 7.383903086934957, 0.007615946226865337
11.488046358137662, 11.644246575448442, 7.383903086934957, 8.204336763261063, 0.08329354529468115
11.488046358137662, 11.644246575448442, 8.204336763261063, 9.024770439587169, 0.009437515741093971
11.488046358137662, 11.644246575448442, 9.024770439587169, 9.845204115913276, 0.07914974048723868
11.488046358137662, 11.644246575448442, 9.845204115913276, 10.665637792239382, 0.09904941205293527
11.488046358137662, 11.644246575448442, 10.665637792239382, 11.486071468565488, 0.23922453633481172
11.488046358137662, 11.644246575448442, 11.486071468565488, 12.306505144891595, 0.25822422149108215
11.488046358137662, 11.644246575448442, 12.306505144891595, 13.126938821217701, 0.08612850465216403
11.488046358137662, 11.644246575448442, 13.126938821217701, 13.947372497543807, 0.11779546360101188
11.488046358137662, 11.644246575448442, 13.947372497543807, 14.767806173869914, 0.014783977624342828
11.488046358137662, 11.644246575448442, 14.767806173869914, 15.58823985019602, 0.0032937808332182735
11.488046358137662, 11.644246575448442, 15.58823985019602, 16.408673526522126, 0.00200335566055468
11.644246575448442, 11.800446792759223, 0.0, 0.8204336763261063, 0.0
11.644246575448442, 11.800446792759223, 0.8204336763261063, 1.6408673526522126, 0.0
11.644246575448442, 11.800446792759223, 1.6408673526522126, 2.461301028978319, 0.0
11.644246575448442, 11.800446792759223, 2.461301028978319, 3.2817347053044252, 0.0
11.644246575448442, 11.800446792759223, 3.2817347053044252, 4.102168381630531, 0.0
11.644246575448442, 11.800446792759223, 4.102168381630531, 4.922602057956638, 0.0
11.644246575448442, 11.800446792759223, 4.922602057956638, 5.743035734282744, 0.0
11.644246575448442, 11.800446792759223, 5.743035734282744, 6.5634694106088505, 0.0
11.644246575448442, 11.800446792759223, 6.5634694106088505, 7.383903086934957, 0.0027741091917153687
11.644246575448442, 11.800446792759223, 7.383903086934957, 8.204336763261063, 0.0
11.644246575448442, 11.800446792759223, 8.204336763261063, 9.024770439587169, 0.015128730941044102
11.644246575448442, 11.800446792759223, 9.024770439587169, 9.845204115913276, 0.05228637443582853
11.644246575448442, 11.800446792759223, 9.845204115913276, 10.665637792239382, 0.17545062669102274
11.644246575448442, 11.800446792759223, 10.665637792239382, 11.486071468565488, 0.10812672724746285
11.644246575448442, 11.800446792759223, 11.486071468565488, 12.306505144891595, 0.27892299164075585
11.644246575448442, 11.800446792759223, 12.306505144891595, 13.126938821217701, 0.10344570873166543
11.644246575448442, 11.800446792759223, 13.126938821217701, 13.947372497543807, 0.17229199729589806
11.644246575448442, 11.800446792759223, 13.947372497543807, 14.767806173869914, 0.0731010780127094
11.644246575448442, 11.800446792759223, 14.767806173869914, 15.58823985019602, 0.016588936971778535
11.644246575448442, 11.800446792759223, 15.58823985019602, 16.408673526522126, 0.0018827188401192168
11.800446792759223, 11.956647010070002, 0.0, 0.8204336763261063, 0.0
11.800446792759223, 11.956647010070002, 0.8204336763261063, 1.6408673526522126, 0.0
11.800446792759223, 11.956647010070002, 1.6408673526522126, 2.461301028978319, 0.0
11.800446792759223, 11.956647010070002, 2.461301028978319, 3.2817347053044252, 0.0
11.800446792759223, 11.956647010070002, 3.2817347053044252, 4.102168381630531, 0.0
11.800446792759223, 11.956647010070002, 4.102168381630531, 4.922602057956638, 0.0
11.800446792759223, 11.956647010070002, 4.922602057956638, 5.743035734282744, 0.0
11.800446792759223, 11.956647010070002, 5.743035734282744, 6.5634694106088505, 0.07913254737669626
11.800446792759223, 11.956647010070002, 6.5634694106088505, 7.383903086934957, 0.0
11.800446792759223, 11.956647010070002, 7.383903086934957, 8.204336763261063, 0.02573572589620017
11.800446792759223, 11.956647010070002, 8.204336763261063, 9.024770439587169, 0.0
11.800446792759223, 11.956647010070002, 9.024770439587169, 9.845204115913276, 0.1672682298686564
11.800446792759223, 11.956647010070002, 9.845204115913276, 10.665637792239382, 0.09144429871820184
11.800446792759223, 11.956647010070002, 10.665637792239382, 11.486071468565488, 0.22388855395086957
11.800446792759223, 11.956647010070002, 11.486071468565488, 12.306505144891595, 0.16766947293572312
11.800446792759223, 11.956647010070002, 12.306505144891595, 13.126938821217701, 0.09371269158158868
11.800446792759223, 11.956647010070002, 13.126938821217701, 13.947372497543807, 0.04942189909207763
11.800446792759223, 11.956647010070002, 13.947372497543807, 14.767806173869914, 0.02550085577480745
11.800446792759223, 11.956647010070002, 14.767806173869914, 15.58823985019602, 0.07107968504113961
11.800446792759223, 11.956647010070002, 15.58823985019602, 16.408673526522126, 0.005146039764039341
11.956647010070002, 12.112847227380783, 0.0, 0.8204336763261063, 0.0
11.956647010070002, 12.112847227380783, 0.8204336763261063, 1.6408673526522126, 0.0
11.956647010070002, 12.112847227380783, 1.6408673526522126, 2.461301028978319, 0.0
11.956647010070002, 12.112847227380783, 2.461301028978319, 3.2817347053044252, 0.0
11.956647010070002, 12.112847227380783, 3.2817347053044252, 4.102168381630531, 0.0
11.956647010070002, 12.112847227380783, 4.102168381630531, 4.922602057956638, 0.0
11.956647010070002, 12.112847227380783, 4.922602057956638, 5.743035734282744, 0.0
11.956647010070002, 12.112847227380783, 5.743035734282744, 6.5634694106088505, 0.0
11.956647010070002, 12.112847227380783, 6.5634694106088505, 7.383903086934957, 0.0
11.956647010070002, 12.112847227380783, 7.383903086934957, 8.204336763261063, 0.0
11.956647010070002, 12.112847227380783, 8.204336763261063, 9.024770439587169, 0.25646274987037776
11.956647010070002, 12.112847227380783, 9.024770439587169, 9.845204115913276, 0.0
11.956647010070002, 12.112847227380783, 9.845204115913276, 10.665637792239382, 0.0
11.956647010070002, 12.112847227380783, 10.665637792239382, 11.486071468565488, 0.12163179974486295
11.956647010070002, 12.112847227380783, 11.486071468565488, 12.306505144891595, 0.04958948463632947
11.956647010070002, 12.112847227380783, 12.306505144891595, 13.126938821217701, 0.2553654053994559
11.956647010070002, 12.112847227380783, 13.126938821217701, 13.947372497543807, 0.2797841599492216
11.956647010070002, 12.112847227380783, 13.947372497543807, 14.767806173869914, 0.03716640039975234
11.956647010070002, 12.112847227380783, 14.767806173869914, 15.58823985019602, 0.0
11.956647010070002, 12.112847227380783, 15.58823985019602, 16.408673526522126, 0.0
12.112847227380783, 12.269047444691562, 0.0, 0.8204336763261063, 0.0
12.112847227380783, 12.269047444691562, 0.8204336763261063, 1.6408673526522126, 0.0
12.112847227380783, 12.269047444691562, 1.6408673526522126, 2.461301028978319, 0.0
12.112847227380783, 12.269047444691562, 2.461301028978319, 3.2817347053044252, 0.0
12.112847227380783, 12.269047444691562, 3.2817347053044252, 4.102168381630531, 0.0
12.112847227380783, 12.269047444691562, 4.102168381630531, 4.922602057956638, 0.0
12.112847227380783, 12.269047444691562, 4.922602057956638, 5.743035734282744, 0.0
12.112847227380783, 12.269047444691562, 5.743035734282744, 6.5634694106088505, 0.0
12.112847227380783, 12.269047444691562, 6.5634694106088505, 7.383903086934957, 0.0
12.112847227380783, 12.269047444691562, 7.383903086934957, 8.204336763261063, 0.0
12.112847227380783, 12.269047444691562, 8.204336763261063, 9.024770439587169, 0.0
12.112847227380783, 12.269047444691562, 9.024770439587169, 9.845204115913276, 0.0
12.112847227380783, 12.269047444691562, 9.845204115913276, 10.665637792239382, 0.0
12.112847227380783, 12.269047444691562, 10.665637792239382, 11.486071468565488, 0.0
12.112847227380783, 12.269047444691562, 11.486071468565488, 12.306505144891595, 0.0
12.112847227380783, 12.269047444691562, 12.306505144891595, 13.126938821217701, 0.0
12.112847227380783, 12.269047444691562, 13.126938821217701, 13.947372497543807, 1.0
12.112847227380783, 12.269047444691562, 13.947372497543807, 14.767806173869914, 0.0
12.112847227380783, 12.269047444691562, 14.767806173869914, 15.58823985019602, 0.0
12.112847227380783, 12.269047444691562, 15.58823985019602, 16.408673526522126, 0.0
